subject,topic_id,year_from,year_to,cosine_sim,drift
math,0,2000,2001,0.717086,0.282914
math,1,2000,2001,0.382114,0.617886
math,2,2000,2001,0.606147,0.393853
math,3,2000,2001,0.492069,0.507931
math,4,2000,2001,0.860637,0.139363
math,5,2000,2001,0.749231,0.250769
math,6,2000,2001,0.852212,0.147788
math,7,2000,2001,0.837225,0.162775
math,8,2000,2001,0.735492,0.264508
math,11,2000,2001,0.043525,0.956475
math,12,2000,2001,0.768245,0.231755
math,14,2000,2001,0.592069,0.407931
math,15,2000,2001,0.667849,0.332151
math,17,2000,2001,0.399847,0.600153
math,18,2000,2001,0.67432,0.32568
math,19,2000,2001,0.382626,0.617374
math,20,2000,2001,0.519601,0.480399
math,21,2000,2001,0.393869,0.606131
math,22,2000,2001,0.639277,0.360723
math,24,2000,2001,0.858191,0.141809
math,26,2000,2001,0.631008,0.368992
math,28,2000,2001,0.318072,0.681928
math,29,2000,2001,0.105679,0.894321
math,32,2000,2001,0.36891,0.63109
math,33,2000,2001,0.78647,0.21353
math,35,2000,2001,0.712389,0.287611
math,36,2000,2001,0.763462,0.236538
math,38,2000,2001,0.597832,0.402168
math,39,2000,2001,0.1965,0.8035
math,40,2000,2001,0.544773,0.455227
math,41,2000,2001,0.584654,0.415346
math,42,2000,2001,0.475628,0.524372
math,43,2000,2001,0.057096,0.942904
math,44,2000,2001,0.605683,0.394317
math,45,2000,2001,0.781283,0.218717
math,47,2000,2001,0.537378,0.462622
math,49,2000,2001,0.516466,0.483534
math,0,2001,2002,0.756866,0.243134
math,1,2001,2002,0.492876,0.507124
math,2,2001,2002,0.057096,0.942904
math,3,2001,2002,0.240025,0.759975
math,4,2001,2002,0.847941,0.152059
math,5,2001,2002,0.370905,0.629095
math,6,2001,2002,0.901716,0.098284
math,7,2001,2002,0.879416,0.120584
math,8,2001,2002,0.853004,0.146996
math,11,2001,2002,0.335863,0.664137
math,12,2001,2002,0.83465,0.16535
math,14,2001,2002,0.562622,0.437378
math,15,2001,2002,0.692713,0.307287
math,17,2001,2002,0.391874,0.608126
math,18,2001,2002,0.784024,0.215976
math,19,2001,2002,0.646141,0.353859
math,20,2001,2002,0.637069,0.362931
math,21,2001,2002,0.043525,0.956475
math,22,2001,2002,0.476716,0.523284
math,24,2001,2002,0.713919,0.286081
math,26,2001,2002,0.436406,0.563594
math,28,2001,2002,0.284943,0.715057
math,29,2001,2002,0.049504,0.950496
math,32,2001,2002,0.049504,0.950496
math,33,2001,2002,0.644196,0.355804
math,35,2001,2002,0.565069,0.434931
math,36,2001,2002,0.845815,0.154185
math,38,2001,2002,0.675256,0.324744
math,39,2001,2002,0.275964,0.724036
math,40,2001,2002,0.384644,0.615356
math,41,2001,2002,0.780212,0.219788
math,42,2001,2002,0.486377,0.513623
math,43,2001,2002,0.329248,0.670752
math,44,2001,2002,0.093029,0.906971
math,45,2001,2002,0.56805,0.43195
math,47,2001,2002,0.686251,0.313749
math,49,2001,2002,0.733131,0.266869
math,0,2002,2003,0.74001,0.25999
math,1,2002,2003,0.43593,0.56407
math,2,2002,2003,0.0,1.0
math,3,2002,2003,0.34191,0.65809
math,4,2002,2003,0.808279,0.191721
math,5,2002,2003,0.795116,0.204884
math,6,2002,2003,0.812561,0.187439
math,7,2002,2003,0.835182,0.164818
math,8,2002,2003,0.83465,0.16535
math,11,2002,2003,0.174788,0.825212
math,12,2002,2003,0.870566,0.129434
math,13,2002,2003,0.958681,0.041319
math,14,2002,2003,0.790974,0.209026
math,15,2002,2003,0.830176,0.169824
math,16,2002,2003,0.782914,0.217086
math,17,2002,2003,0.464042,0.535958
math,18,2002,2003,0.577948,0.422052
math,19,2002,2003,0.608594,0.391406
math,20,2002,2003,0.815174,0.184826
math,21,2002,2003,0.388597,0.611403
math,22,2002,2003,0.41391,0.58609
math,24,2002,2003,0.761618,0.238382
math,26,2002,2003,0.038742,0.961258
math,28,2002,2003,0.286725,0.713275
math,29,2002,2003,0.498131,0.501869
math,32,2002,2003,0.038742,0.961258
math,33,2002,2003,0.781283,0.218717
math,35,2002,2003,0.460191,0.539809
math,36,2002,2003,0.905271,0.094729
math,38,2002,2003,0.864261,0.135739
math,39,2002,2003,0.563385,0.436615
math,40,2002,2003,0.517886,0.482114
math,41,2002,2003,0.776432,0.223568
math,42,2002,2003,0.237221,0.762779
math,43,2002,2003,0.564999,0.435001
math,44,2002,2003,0.539598,0.460402
math,45,2002,2003,0.644532,0.355468
math,47,2002,2003,0.724591,0.275409
math,49,2002,2003,0.816791,0.183209
math,0,2003,2004,0.876096,0.123904
math,1,2003,2004,0.524569,0.475431
math,2,2003,2004,0.785146,0.214854
math,3,2003,2004,0.573912,0.426088
math,4,2003,2004,0.885937,0.114063
math,6,2003,2004,0.867572,0.132428
math,7,2003,2004,0.879499,0.120501
math,8,2003,2004,0.840034,0.159966
math,11,2003,2004,0.194122,0.805878
math,12,2003,2004,0.782041,0.217959
math,13,2003,2004,0.345901,0.654099
math,14,2003,2004,0.643344,0.356656
math,15,2003,2004,0.837225,0.162775
math,16,2003,2004,0.342039,0.657961
math,17,2003,2004,0.575363,0.424637
math,18,2003,2004,0.614105,0.385895
math,19,2003,2004,0.672452,0.327548
math,20,2003,2004,0.805418,0.194582
math,21,2003,2004,0.749853,0.250147
math,22,2003,2004,0.582719,0.417281
math,24,2003,2004,0.721401,0.278599
math,26,2003,2004,0.232864,0.767136
math,28,2003,2004,0.118801,0.881199
math,29,2003,2004,0.369145,0.630855
math,32,2003,2004,0.343455,0.656545
math,33,2003,2004,0.87937,0.12063
math,35,2003,2004,0.580971,0.419029
math,36,2003,2004,0.858191,0.141809
math,38,2003,2004,0.691786,0.308214
math,39,2003,2004,0.492069,0.507931
math,40,2003,2004,0.569105,0.430895
math,41,2003,2004,0.806763,0.193237
math,42,2003,2004,0.198905,0.801095
math,43,2003,2004,0.560159,0.439841
math,44,2003,2004,0.278964,0.721036
math,45,2003,2004,0.713191,0.286809
math,47,2003,2004,0.767991,0.232009
math,49,2003,2004,0.699592,0.300408
math,0,2004,2005,0.887177,0.112823
math,1,2004,2005,0.653044,0.346956
math,2,2004,2005,0.33025,0.66975
math,3,2004,2005,0.587565,0.412435
math,4,2004,2005,0.855382,0.144618
math,6,2004,2005,0.873988,0.126012
math,7,2004,2005,0.940544,0.059456
math,8,2004,2005,0.737938,0.262062
math,9,2004,2005,0.520689,0.479311
math,11,2004,2005,0.662561,0.337439
math,12,2004,2005,0.911754,0.088246
math,13,2004,2005,0.727439,0.272561
math,14,2004,2005,0.774095,0.225905
math,15,2004,2005,0.772817,0.227183
math,16,2004,2005,0.508956,0.491044
math,17,2004,2005,0.56079,0.43921
math,18,2004,2005,0.706366,0.293634
math,19,2004,2005,0.698819,0.301181
math,20,2004,2005,0.706214,0.293786
math,21,2004,2005,0.693716,0.306284
math,22,2004,2005,0.822403,0.177597
math,24,2004,2005,0.75213,0.24787
math,26,2004,2005,0.340568,0.659432
math,28,2004,2005,0.420069,0.579931
math,29,2004,2005,0.396314,0.603686
math,32,2004,2005,0.491703,0.508297
math,33,2004,2005,0.933063,0.066937
math,35,2004,2005,0.637607,0.362393
math,36,2004,2005,0.725539,0.274461
math,38,2004,2005,0.721233,0.278767
math,39,2004,2005,0.382114,0.617886
math,40,2004,2005,0.467405,0.532595
math,41,2004,2005,0.803967,0.196033
math,42,2004,2005,0.58471,0.41529
math,43,2004,2005,0.296076,0.703924
math,44,2004,2005,0.526819,0.473181
math,45,2004,2005,0.579591,0.420409
math,47,2004,2005,0.601902,0.398098
math,49,2004,2005,0.817817,0.182183
math,0,2005,2006,0.948136,0.051864
math,1,2005,2006,0.6765,0.3235
math,2,2005,2006,0.474248,0.525752
math,3,2005,2006,0.587565,0.412435
math,4,2005,2006,0.838654,0.161346
math,5,2005,2006,0.468849,0.531151
math,6,2005,2006,0.772749,0.227251
math,7,2005,2006,0.923804,0.076196
math,8,2005,2006,0.875967,0.124033
math,9,2005,2006,0.407311,0.592689
math,11,2005,2006,0.544886,0.455114
math,12,2005,2006,0.870566,0.129434
math,13,2005,2006,0.463594,0.536406
math,14,2005,2006,0.663267,0.336733
math,15,2005,2006,0.852212,0.147788
math,16,2005,2006,0.472661,0.527339
math,17,2005,2006,0.411644,0.588356
math,18,2005,2006,0.831191,0.168809
math,19,2005,2006,0.754719,0.245281
math,20,2005,2006,0.832418,0.167582
math,21,2005,2006,0.776628,0.223372
math,22,2005,2006,0.76737,0.23263
math,24,2005,2006,0.89713,0.10287
math,26,2005,2006,0.681928,0.318072
math,28,2005,2006,0.641641,0.358359
math,29,2005,2006,0.436406,0.563594
math,32,2005,2006,0.750683,0.249317
math,33,2005,2006,0.851529,0.148471
math,34,2005,2006,0.450164,0.549836
math,35,2005,2006,0.712389,0.287611
math,36,2005,2006,0.845069,0.154931
math,38,2005,2006,0.725511,0.274489
math,39,2005,2006,0.712849,0.287151
math,40,2005,2006,0.675322,0.324678
math,41,2005,2006,0.776657,0.223343
math,42,2005,2006,0.484435,0.515565
math,43,2005,2006,0.245281,0.754719
math,44,2005,2006,0.463874,0.536126
math,45,2005,2006,0.753492,0.246508
math,47,2005,2006,0.769036,0.230964
math,48,2005,2006,0.37888,0.62112
math,49,2005,2006,0.919941,0.080059
math,0,2006,2007,0.955279,0.044721
math,1,2006,2007,0.74147,0.25853
math,2,2006,2007,0.521436,0.478564
math,3,2006,2007,0.684654,0.315346
math,4,2006,2007,0.843618,0.156382
math,5,2006,2007,0.455534,0.544466
math,6,2006,2007,0.922319,0.077681
math,7,2006,2007,0.90637,0.09363
math,8,2006,2007,0.915158,0.084842
math,9,2006,2007,0.693138,0.306862
math,11,2006,2007,0.557009,0.442991
math,12,2006,2007,0.950496,0.049504
math,13,2006,2007,0.683403,0.316597
math,14,2006,2007,0.722936,0.277064
math,15,2006,2007,0.830082,0.169918
math,16,2006,2007,0.450948,0.549052
math,17,2006,2007,0.435399,0.564601
math,18,2006,2007,0.782914,0.217086
math,19,2006,2007,0.756095,0.243905
math,20,2006,2007,0.893849,0.106151
math,21,2006,2007,0.820515,0.179485
math,22,2006,2007,0.73909,0.26091
math,24,2006,2007,0.800713,0.199287
math,26,2006,2007,0.299847,0.700153
math,28,2006,2007,0.678171,0.321829
math,29,2006,2007,0.608578,0.391422
math,32,2006,2007,0.502533,0.497467
math,33,2006,2007,0.870158,0.129842
math,34,2006,2007,0.318072,0.681928
math,35,2006,2007,0.791253,0.208747
math,36,2006,2007,0.884154,0.115846
math,38,2006,2007,0.919941,0.080059
math,39,2006,2007,0.294317,0.705683
math,40,2006,2007,0.748967,0.251033
math,41,2006,2007,0.843145,0.156855
math,42,2006,2007,0.363655,0.636345
math,43,2006,2007,0.490561,0.509439
math,44,2006,2007,0.479311,0.520689
math,45,2006,2007,0.80229,0.19771
math,47,2006,2007,0.769496,0.230504
math,48,2006,2007,0.18068,0.81932
math,49,2006,2007,0.683107,0.316893
math,0,2007,2008,0.950496,0.049504
math,1,2007,2008,0.782549,0.217451
math,2,2007,2008,0.719253,0.280747
math,3,2007,2008,0.415565,0.584435
math,4,2007,2008,0.944933,0.055067
math,5,2007,2008,0.632906,0.367094
math,6,2007,2008,0.935761,0.064239
math,7,2007,2008,0.925919,0.074081
math,8,2007,2008,0.875688,0.124312
math,9,2007,2008,0.0,1.0
math,11,2007,2008,0.664561,0.335439
math,12,2007,2008,0.900299,0.099701
math,13,2007,2008,0.571532,0.428468
math,14,2007,2008,0.796036,0.203964
math,15,2007,2008,0.873607,0.126393
math,16,2007,2008,0.656628,0.343372
math,17,2007,2008,0.50145,0.49855
math,18,2007,2008,0.704006,0.295994
math,19,2007,2008,0.870117,0.129883
math,20,2007,2008,0.886257,0.113743
math,21,2007,2008,0.847515,0.152485
math,22,2007,2008,0.765182,0.234818
math,24,2007,2008,0.768918,0.231082
math,26,2007,2008,0.494473,0.505527
math,28,2007,2008,0.770412,0.229588
math,29,2007,2008,0.824529,0.175471
math,30,2007,2008,0.385895,0.614105
math,32,2007,2008,0.631074,0.368926
math,33,2007,2008,0.839433,0.160567
math,34,2007,2008,0.570131,0.429869
math,35,2007,2008,0.74317,0.25683
math,36,2007,2008,0.826439,0.173561
math,38,2007,2008,0.853004,0.146996
math,39,2007,2008,0.557895,0.442105
math,40,2007,2008,0.679327,0.320673
math,41,2007,2008,0.779669,0.220331
math,42,2007,2008,0.502005,0.497995
math,43,2007,2008,0.280747,0.719253
math,44,2007,2008,0.71475,0.28525
math,45,2007,2008,0.827815,0.172185
math,47,2007,2008,0.694921,0.305079
math,48,2007,2008,0.554307,0.445693
math,49,2007,2008,0.809775,0.190225
math,0,2008,2009,0.94805,0.05195
math,1,2008,2009,0.77116,0.22884
math,2,2008,2009,0.69629,0.30371
math,3,2008,2009,0.696311,0.303689
math,4,2008,2009,0.913962,0.086038
math,5,2008,2009,0.538853,0.461147
math,6,2008,2009,0.876883,0.123117
math,7,2008,2009,0.934565,0.065435
math,8,2008,2009,0.908859,0.091141
math,9,2008,2009,0.740275,0.259725
math,11,2008,2009,0.720127,0.279873
math,12,2008,2009,0.946633,0.053367
math,13,2008,2009,0.440568,0.559432
math,14,2008,2009,0.768341,0.231659
math,15,2008,2009,0.862065,0.137935
math,16,2008,2009,0.471466,0.528534
math,17,2008,2009,0.498131,0.501869
math,18,2008,2009,0.724591,0.275409
math,19,2008,2009,0.796536,0.203464
math,20,2008,2009,0.872379,0.127621
math,21,2008,2009,0.848349,0.151651
math,22,2008,2009,0.719874,0.280126
math,24,2008,2009,0.914709,0.085291
math,26,2008,2009,0.439094,0.560906
math,28,2008,2009,0.735114,0.264886
math,29,2008,2009,0.813341,0.186659
math,30,2008,2009,0.414881,0.585119
math,31,2008,2009,0.517773,0.482227
math,32,2008,2009,0.704231,0.295769
math,33,2008,2009,0.882084,0.117916
math,34,2008,2009,0.470131,0.529869
math,35,2008,2009,0.825437,0.174563
math,36,2008,2009,0.868737,0.131263
math,38,2008,2009,0.871357,0.128643
math,39,2008,2009,0.273072,0.726928
math,40,2008,2009,0.811641,0.188359
math,41,2008,2009,0.785718,0.214282
math,42,2008,2009,0.727395,0.272605
math,43,2008,2009,0.345901,0.654099
math,44,2008,2009,0.711941,0.288059
math,45,2008,2009,0.695034,0.304966
math,46,2008,2009,0.777236,0.222764
math,47,2008,2009,0.81347,0.18653
math,48,2008,2009,0.477948,0.522052
math,49,2008,2009,0.816353,0.183647
math,0,2009,2010,0.98418,0.01582
math,1,2009,2010,0.891746,0.108254
math,2,2009,2010,0.712837,0.287163
math,3,2009,2010,0.622624,0.377376
math,4,2009,2010,0.923932,0.076068
math,5,2009,2010,0.22738,0.77262
math,6,2009,2010,0.92658,0.07342
math,7,2009,2010,0.937846,0.062154
math,8,2009,2010,0.864308,0.135692
math,9,2009,2010,0.661366,0.338634
math,11,2009,2010,0.803616,0.196384
math,12,2009,2010,0.943824,0.056176
math,13,2009,2010,0.770437,0.229563
math,14,2009,2010,0.838641,0.161359
math,15,2009,2010,0.873924,0.126076
math,16,2009,2010,0.409307,0.590693
math,17,2009,2010,0.536874,0.463126
math,18,2009,2010,0.533597,0.466403
math,19,2009,2010,0.809754,0.190246
math,20,2009,2010,0.873299,0.126701
math,21,2009,2010,0.814217,0.185783
math,22,2009,2010,0.888158,0.111842
math,24,2009,2010,0.775463,0.224537
math,26,2009,2010,0.425664,0.574336
math,28,2009,2010,0.802015,0.197985
math,29,2009,2010,0.866401,0.133599
math,31,2009,2010,0.528814,0.471186
math,32,2009,2010,0.775322,0.224678
math,33,2009,2010,0.910141,0.089859
math,34,2009,2010,0.066937,0.933063
math,35,2009,2010,0.853132,0.146868
math,36,2009,2010,0.825212,0.174788
math,37,2009,2010,0.491406,0.508594
math,38,2009,2010,0.894321,0.105679
math,39,2009,2010,0.307439,0.692561
math,40,2009,2010,0.76847,0.23153
math,41,2009,2010,0.857507,0.142493
math,42,2009,2010,0.697292,0.302708
math,43,2009,2010,0.542565,0.457435
math,44,2009,2010,0.538853,0.461147
math,45,2009,2010,0.81347,0.18653
math,47,2009,2010,0.74037,0.25963
math,49,2009,2010,0.915157,0.084843
math,0,2010,2011,0.976992,0.023008
math,1,2010,2011,0.807212,0.192788
math,2,2010,2011,0.738334,0.261666
math,3,2010,2011,0.621921,0.378079
math,4,2010,2011,0.882488,0.117512
math,5,2010,2011,0.501869,0.498131
math,6,2010,2011,0.932271,0.067729
math,7,2010,2011,0.9694,0.0306
math,8,2010,2011,0.844538,0.155462
math,9,2010,2011,0.440568,0.559432
math,10,2010,2011,0.882074,0.117926
math,11,2010,2011,0.768839,0.231161
math,12,2010,2011,0.886729,0.113271
math,13,2010,2011,0.420628,0.579372
math,14,2010,2011,0.828296,0.171704
math,15,2010,2011,0.794836,0.205164
math,16,2010,2011,0.583914,0.416086
math,17,2010,2011,0.598624,0.401376
math,18,2010,2011,0.566361,0.433639
math,19,2010,2011,0.854658,0.145342
math,20,2010,2011,0.803082,0.196918
math,21,2010,2011,0.880279,0.119721
math,22,2010,2011,0.878794,0.121206
math,23,2010,2011,0.599661,0.400339
math,24,2010,2011,0.774267,0.225733
math,26,2010,2011,0.639194,0.360806
math,28,2010,2011,0.74129,0.25871
math,29,2010,2011,0.877162,0.122838
math,31,2010,2011,0.539081,0.460919
math,32,2010,2011,0.810225,0.189775
math,33,2010,2011,0.924724,0.075276
math,34,2010,2011,0.563126,0.436874
math,35,2010,2011,0.84698,0.15302
math,36,2010,2011,0.801095,0.198905
math,37,2010,2011,0.352551,0.647449
math,38,2010,2011,0.88075,0.11925
math,39,2010,2011,0.658881,0.341119
math,40,2010,2011,0.782041,0.217959
math,41,2010,2011,0.897853,0.102147
math,42,2010,2011,0.613582,0.386418
math,43,2010,2011,0.274181,0.725819
math,44,2010,2011,0.707158,0.292842
math,45,2010,2011,0.793641,0.206359
math,47,2010,2011,0.825212,0.174788
math,49,2010,2011,0.779903,0.220097
math,0,2011,2012,0.985376,0.014624
math,1,2011,2012,0.906091,0.093909
math,2,2011,2012,0.812349,0.187651
math,3,2011,2012,0.660878,0.339122
math,4,2011,2012,0.946633,0.053367
math,5,2011,2012,0.394317,0.605683
math,6,2011,2012,0.944933,0.055067
math,7,2011,2012,0.969444,0.030556
math,8,2011,2012,0.870566,0.129434
math,9,2011,2012,0.442105,0.557895
math,10,2011,2012,0.416298,0.583702
math,11,2011,2012,0.883811,0.116189
math,12,2011,2012,0.844538,0.155462
math,13,2011,2012,0.718058,0.281942
math,14,2011,2012,0.764253,0.235747
math,15,2011,2012,0.878804,0.121196
math,16,2011,2012,0.630406,0.369594
math,17,2011,2012,0.684654,0.315346
math,18,2011,2012,0.839837,0.160163
math,19,2011,2012,0.835246,0.164754
math,20,2011,2012,0.906063,0.093937
math,21,2011,2012,0.876219,0.123781
math,22,2011,2012,0.782074,0.217926
math,23,2011,2012,0.309026,0.690974
math,24,2011,2012,0.910055,0.089945
math,26,2011,2012,0.561578,0.438422
math,28,2011,2012,0.827832,0.172168
math,29,2011,2012,0.827488,0.172512
math,30,2011,2012,0.289597,0.710403
math,31,2011,2012,0.567277,0.432723
math,32,2011,2012,0.688637,0.311363
math,33,2011,2012,0.882533,0.117467
math,35,2011,2012,0.870393,0.129607
math,36,2011,2012,0.887177,0.112823
math,37,2011,2012,0.455619,0.544381
math,38,2011,2012,0.909179,0.090821
math,39,2011,2012,0.517437,0.482563
math,40,2011,2012,0.826632,0.173368
math,41,2011,2012,0.945254,0.054746
math,42,2011,2012,0.591283,0.408717
math,43,2011,2012,0.332735,0.667265
math,44,2011,2012,0.771846,0.228154
math,45,2011,2012,0.814838,0.185162
math,47,2011,2012,0.933511,0.066489
math,48,2011,2012,0.801095,0.198905
math,49,2011,2012,0.79325,0.20675
math,0,2012,2013,0.976588,0.023412
math,1,2012,2013,0.73575,0.26425
math,2,2012,2013,0.788596,0.211404
math,3,2012,2013,0.705796,0.294204
math,4,2012,2013,0.933063,0.066937
math,5,2012,2013,0.482114,0.517886
math,6,2012,2013,0.879416,0.120584
math,7,2012,2013,0.954029,0.045971
math,8,2012,2013,0.848529,0.151471
math,9,2012,2013,0.141809,0.858191
math,10,2012,2013,0.270284,0.729716
math,11,2012,2013,0.797466,0.202534
math,12,2012,2013,0.89325,0.10675
math,13,2012,2013,0.831695,0.168305
math,14,2012,2013,0.906499,0.093501
math,15,2012,2013,0.872311,0.127689
math,16,2012,2013,0.69505,0.30495
math,17,2012,2013,0.77688,0.22312
math,18,2012,2013,0.769816,0.230184
math,19,2012,2013,0.846916,0.153084
math,20,2012,2013,0.925471,0.074529
math,21,2012,2013,0.810895,0.189105
math,22,2012,2013,0.836466,0.163534
math,23,2012,2013,0.49116,0.50884
math,24,2012,2013,0.899508,0.100492
math,26,2012,2013,0.688858,0.311142
math,28,2012,2013,0.837225,0.162775
math,29,2012,2013,0.852286,0.147714
math,30,2012,2013,0.347153,0.652847
math,31,2012,2013,0.698668,0.301332
math,32,2012,2013,0.797904,0.202096
math,33,2012,2013,0.919021,0.080979
math,35,2012,2013,0.850796,0.149204
math,36,2012,2013,0.950496,0.049504
math,37,2012,2013,0.129563,0.870437
math,38,2012,2013,0.850796,0.149204
math,39,2012,2013,0.552624,0.447376
math,40,2012,2013,0.799817,0.200183
math,41,2012,2013,0.87116,0.12884
math,42,2012,2013,0.681004,0.318996
math,43,2012,2013,0.406861,0.593139
math,44,2012,2013,0.865182,0.134818
math,45,2012,2013,0.887709,0.112291
math,47,2012,2013,0.796952,0.203048
math,48,2012,2013,0.656179,0.343821
math,49,2012,2013,0.785891,0.214109
math,0,2013,2014,0.987625,0.012375
math,1,2013,2014,0.876883,0.123117
math,2,2013,2014,0.88029,0.11971
math,3,2013,2014,0.619758,0.380242
math,4,2013,2014,0.953666,0.046334
math,5,2013,2014,0.543522,0.456478
math,6,2013,2014,0.856408,0.143592
math,7,2013,2014,0.986429,0.013571
math,8,2013,2014,0.919896,0.080104
math,9,2013,2014,0.763054,0.236946
math,10,2013,2014,0.54812,0.45188
math,11,2013,2014,0.869529,0.130471
math,12,2013,2014,0.942904,0.057096
math,13,2013,2014,0.850599,0.149401
math,14,2013,2014,0.931234,0.068766
math,15,2013,2014,0.875463,0.124537
math,16,2013,2014,0.574869,0.425131
math,17,2013,2014,0.721233,0.278767
math,18,2013,2014,0.607399,0.392601
math,19,2013,2014,0.933063,0.066937
math,20,2013,2014,0.971805,0.028195
math,21,2013,2014,0.819449,0.180551
math,22,2013,2014,0.961258,0.038742
math,24,2013,2014,0.844013,0.155987
math,25,2013,2014,0.388597,0.611403
math,26,2013,2014,0.792449,0.207551
math,28,2013,2014,0.801587,0.198413
math,29,2013,2014,0.819149,0.180851
math,30,2013,2014,0.293589,0.706411
math,31,2013,2014,0.515565,0.484435
math,32,2013,2014,0.889538,0.110462
math,33,2013,2014,0.845713,0.154287
math,34,2013,2014,0.891874,0.108126
math,35,2013,2014,0.894321,0.105679
math,36,2013,2014,0.906063,0.093937
math,38,2013,2014,0.958234,0.041766
math,39,2013,2014,0.746073,0.253927
math,40,2013,2014,0.78429,0.21571
math,41,2013,2014,0.913458,0.086542
math,42,2013,2014,0.633878,0.366122
math,43,2013,2014,0.498752,0.501248
math,44,2013,2014,0.902507,0.097493
math,45,2013,2014,0.905143,0.094857
math,47,2013,2014,0.623416,0.376584
math,48,2013,2014,0.570473,0.429527
math,49,2013,2014,0.949116,0.050884
math,0,2014,2015,0.945438,0.054562
math,1,2014,2015,0.93687,0.06313
math,2,2014,2015,0.897679,0.102321
math,3,2014,2015,0.635578,0.364422
math,4,2014,2015,0.876883,0.123117
math,5,2014,2015,0.406838,0.593162
math,6,2014,2015,0.9424,0.0576
math,7,2014,2015,0.975796,0.024204
math,8,2014,2015,0.924679,0.075321
math,9,2014,2015,0.359472,0.640528
math,10,2014,2015,0.565069,0.434931
math,11,2014,2015,0.870117,0.129883
math,12,2014,2015,0.930668,0.069332
math,13,2014,2015,0.888937,0.111063
math,14,2014,2015,0.890132,0.109868
math,15,2014,2015,0.787838,0.212162
math,16,2014,2015,0.627727,0.372273
math,17,2014,2015,0.621697,0.378303
math,18,2014,2015,0.760878,0.239122
math,19,2014,2015,0.896524,0.103476
math,20,2014,2015,0.971805,0.028195
math,21,2014,2015,0.876416,0.123584
math,22,2014,2015,0.911557,0.088443
math,24,2014,2015,0.822021,0.177979
math,25,2014,2015,0.44063,0.55937
math,26,2014,2015,0.805571,0.194429
math,27,2014,2015,0.250343,0.749657
math,28,2014,2015,0.87013,0.12987
math,29,2014,2015,0.807694,0.192306
math,30,2014,2015,0.212279,0.787721
math,31,2014,2015,0.339094,0.660906
math,32,2014,2015,0.825471,0.174529
math,33,2014,2015,0.856475,0.143525
math,34,2014,2015,0.395405,0.604595
math,35,2014,2015,0.869709,0.130291
math,36,2014,2015,0.898919,0.101081
math,38,2014,2015,0.945713,0.054287
math,39,2014,2015,0.6585,0.3415
math,40,2014,2015,0.904162,0.095838
math,41,2014,2015,0.971805,0.028195
math,42,2014,2015,0.847429,0.152571
math,43,2014,2015,0.453752,0.546248
math,44,2014,2015,0.869988,0.130012
math,45,2014,2015,0.859429,0.140571
math,47,2014,2015,0.72472,0.27528
math,48,2014,2015,0.525945,0.474055
math,49,2014,2015,0.886386,0.113614
math,0,2015,2016,0.935441,0.064559
math,1,2015,2016,0.958811,0.041189
math,2,2015,2016,0.827815,0.172185
math,3,2015,2016,0.712166,0.287834
math,4,2015,2016,0.871824,0.128176
math,5,2015,2016,0.749809,0.250191
math,6,2015,2016,0.840477,0.159523
math,7,2015,2016,0.943033,0.056967
math,8,2015,2016,0.950496,0.049504
math,9,2015,2016,0.698971,0.301029
math,10,2015,2016,0.366784,0.633216
math,11,2015,2016,0.919621,0.080379
math,12,2015,2016,0.937566,0.062434
math,13,2015,2016,0.759695,0.240305
math,14,2015,2016,0.814257,0.185743
math,15,2015,2016,0.775967,0.224033
math,16,2015,2016,0.649956,0.350044
math,17,2015,2016,0.701628,0.298372
math,18,2015,2016,0.691786,0.308214
math,19,2015,2016,0.887591,0.112409
math,20,2015,2016,0.952397,0.047603
math,21,2015,2016,0.911754,0.088246
math,22,2015,2016,0.823771,0.176229
math,23,2015,2016,0.849403,0.150597
math,24,2015,2016,0.888063,0.111937
math,25,2015,2016,0.570752,0.429248
math,26,2015,2016,0.719253,0.280747
math,27,2015,2016,0.442105,0.557895
math,28,2015,2016,0.837074,0.162926
math,29,2015,2016,0.946437,0.053563
math,31,2015,2016,0.493853,0.506147
math,32,2015,2016,0.847687,0.152313
math,33,2015,2016,0.905496,0.094504
math,34,2015,2016,0.649657,0.350343
math,35,2015,2016,0.966275,0.033725
math,36,2015,2016,0.894769,0.105231
math,37,2015,2016,0.329248,0.670752
math,38,2015,2016,0.919941,0.080059
math,39,2015,2016,0.650908,0.349092
math,40,2015,2016,0.871033,0.128967
math,41,2015,2016,0.930443,0.069557
math,42,2015,2016,0.813757,0.186243
math,43,2015,2016,0.769485,0.230515
math,44,2015,2016,0.813341,0.186659
math,45,2015,2016,0.781199,0.218801
math,47,2015,2016,0.721809,0.278191
math,48,2015,2016,0.611374,0.388626
math,49,2015,2016,0.866529,0.133471
math,0,2016,2017,0.987625,0.012375
math,1,2016,2017,0.937341,0.062659
math,2,2016,2017,0.864746,0.135254
math,3,2016,2017,0.811133,0.188867
math,4,2016,2017,0.908666,0.091334
math,5,2016,2017,0.396076,0.603924
math,6,2016,2017,0.874633,0.125367
math,7,2016,2017,0.909308,0.090692
math,8,2016,2017,0.950771,0.049229
math,9,2016,2017,0.519153,0.480847
math,10,2016,2017,0.51391,0.48609
math,11,2016,2017,0.935674,0.064326
math,12,2016,2017,0.940376,0.059624
math,13,2016,2017,0.893688,0.106312
math,14,2016,2017,0.91634,0.08366
math,15,2016,2017,0.936926,0.063074
math,16,2016,2017,0.676349,0.323651
math,17,2016,2017,0.751591,0.248409
math,18,2016,2017,0.688057,0.311943
math,19,2016,2017,0.968217,0.031783
math,20,2016,2017,0.874267,0.125733
math,21,2016,2017,0.923496,0.076504
math,22,2016,2017,0.79104,0.20896
math,24,2016,2017,0.955566,0.044434
math,25,2016,2017,0.22738,0.77262
math,26,2016,2017,0.824103,0.175897
math,27,2016,2017,0.702879,0.297121
math,28,2016,2017,0.854508,0.145492
math,29,2016,2017,0.95482,0.04518
math,31,2016,2017,0.500919,0.499081
math,32,2016,2017,0.924416,0.075584
math,33,2016,2017,0.756913,0.243087
math,34,2016,2017,0.582099,0.417901
math,35,2016,2017,0.920861,0.079139
math,36,2016,2017,0.877336,0.122664
math,37,2016,2017,0.366122,0.633878
math,38,2016,2017,0.937846,0.062154
math,39,2016,2017,0.472661,0.527339
math,40,2016,2017,0.811939,0.188061
math,41,2016,2017,0.933191,0.066809
math,42,2016,2017,0.830082,0.169918
math,43,2016,2017,0.553971,0.446029
math,44,2016,2017,0.907246,0.092754
math,45,2016,2017,0.907891,0.092109
math,47,2016,2017,0.884008,0.115992
math,48,2016,2017,0.613656,0.386344
math,49,2016,2017,0.890674,0.109326
math,0,2017,2018,0.98418,0.01582
math,1,2017,2018,0.938121,0.061879
math,2,2017,2018,0.913962,0.086038
math,3,2017,2018,0.723796,0.276204
math,4,2017,2018,0.965826,0.034174
math,5,2017,2018,0.707662,0.292338
math,6,2017,2018,0.860559,0.139441
math,7,2017,2018,0.915286,0.084714
math,8,2017,2018,0.850796,0.149204
math,9,2017,2018,0.744704,0.255296
math,10,2017,2018,0.363313,0.636687
math,11,2017,2018,0.817536,0.182464
math,12,2017,2018,0.971805,0.028195
math,13,2017,2018,0.896529,0.103471
math,14,2017,2018,0.940009,0.059991
math,15,2017,2018,0.937846,0.062154
math,16,2017,2018,0.762538,0.237462
math,17,2017,2018,0.875624,0.124376
math,18,2017,2018,0.742816,0.257184
math,19,2017,2018,0.916258,0.083742
math,20,2017,2018,0.936926,0.063074
math,21,2017,2018,0.937213,0.062787
math,22,2017,2018,0.901913,0.098087
math,24,2017,2018,0.732442,0.267558
math,25,2017,2018,0.407931,0.592069
math,26,2017,2018,0.84462,0.15538
math,27,2017,2018,0.622164,0.377836
math,28,2017,2018,0.977784,0.022216
math,29,2017,2018,0.982566,0.017434
math,30,2017,2018,0.35188,0.64812
math,31,2017,2018,0.63279,0.36721
math,32,2017,2018,0.965408,0.034592
math,33,2017,2018,0.804162,0.195838
math,34,2017,2018,0.725511,0.274489
math,35,2017,2018,0.870437,0.129563
math,36,2017,2018,0.897724,0.102276
math,37,2017,2018,0.363313,0.636687
math,38,2017,2018,0.951416,0.048584
math,39,2017,2018,0.562286,0.437714
math,40,2017,2018,0.817666,0.182334
math,41,2017,2018,0.990158,0.009842
math,42,2017,2018,0.777683,0.222317
math,43,2017,2018,0.500452,0.499548
math,44,2017,2018,0.914838,0.085162
math,45,2017,2018,0.816791,0.183209
math,47,2017,2018,0.915158,0.084842
math,48,2017,2018,0.578216,0.421784
math,49,2017,2018,0.776136,0.223864
math,0,2018,2019,0.995217,0.004783
math,1,2018,2019,0.932591,0.067409
math,2,2018,2019,0.771078,0.228922
math,3,2018,2019,0.665225,0.334775
math,4,2018,2019,0.938826,0.061174
math,5,2018,2019,0.500339,0.499661
math,6,2018,2019,0.901408,0.098592
math,7,2018,2019,0.957891,0.042109
math,8,2018,2019,0.911754,0.088246
math,9,2018,2019,0.729374,0.270626
math,10,2018,2019,0.33025,0.66975
math,11,2018,2019,0.892896,0.107104
math,12,2018,2019,0.981646,0.018354
math,13,2018,2019,0.857444,0.142556
math,14,2018,2019,0.971934,0.028066
math,15,2018,2019,0.910141,0.089859
math,16,2018,2019,0.804627,0.195373
math,17,2018,2019,0.886386,0.113614
math,18,2018,2019,0.781558,0.218442
math,19,2018,2019,0.861063,0.138937
math,20,2018,2019,0.937341,0.062659
math,21,2018,2019,0.986429,0.013571
math,22,2018,2019,0.904611,0.095389
math,23,2018,2019,0.639277,0.360723
math,24,2018,2019,0.860637,0.139363
math,25,2018,2019,0.280747,0.719253
math,26,2018,2019,0.706411,0.293589
math,27,2018,2019,0.567277,0.432723
math,28,2018,2019,0.92828,0.07172
math,29,2018,2019,0.943824,0.056176
math,30,2018,2019,0.344247,0.655753
math,31,2018,2019,0.637069,0.362931
math,32,2018,2019,0.935761,0.064239
math,33,2018,2019,0.951416,0.048584
math,34,2018,2019,0.719758,0.280242
math,35,2018,2019,0.979397,0.020603
math,36,2018,2019,0.92828,0.07172
math,37,2018,2019,0.604315,0.395685
math,38,2018,2019,0.948883,0.051117
math,39,2018,2019,0.56587,0.43413
math,40,2018,2019,0.865783,0.134217
math,41,2018,2019,0.918112,0.081888
math,42,2018,2019,0.897724,0.102276
math,43,2018,2019,0.607847,0.392153
math,44,2018,2019,0.913962,0.086038
math,45,2018,2019,0.994021,0.005979
math,47,2018,2019,0.795034,0.204966
math,48,2018,2019,0.610914,0.389086
math,49,2018,2019,0.762565,0.237435
math,0,2019,2020,0.982095,0.017905
math,1,2019,2020,0.912041,0.087959
math,2,2019,2020,0.837846,0.162154
math,3,2019,2020,0.831388,0.168612
math,4,2019,2020,0.976588,0.023412
math,5,2019,2020,0.639473,0.360527
math,6,2019,2020,0.861511,0.138489
math,7,2019,2020,0.956475,0.043525
math,8,2019,2020,0.830967,0.169033
math,9,2019,2020,0.629308,0.370692
math,10,2019,2020,0.529435,0.470565
math,11,2019,2020,0.911557,0.088443
math,12,2019,2020,0.971805,0.028195
math,13,2019,2020,0.909179,0.090821
math,14,2019,2020,0.89325,0.10675
math,15,2019,2020,0.902782,0.097218
math,16,2019,2020,0.751131,0.248869
math,17,2019,2020,0.84462,0.15538
math,18,2019,2020,0.676008,0.323992
math,19,2019,2020,0.954646,0.045354
math,20,2019,2020,0.90873,0.09127
math,21,2019,2020,0.939041,0.060959
math,22,2019,2020,0.826004,0.173996
math,23,2019,2020,0.391126,0.608874
math,24,2019,2020,0.860637,0.139363
math,25,2019,2020,0.360806,0.639194
math,26,2019,2020,0.7937,0.2063
math,27,2019,2020,0.680511,0.319489
math,28,2019,2020,0.817071,0.182929
math,29,2019,2020,0.972254,0.027746
math,31,2019,2020,0.587565,0.412435
math,32,2019,2020,0.956475,0.043525
math,33,2019,2020,0.920816,0.079184
math,34,2019,2020,0.774095,0.225905
math,35,2019,2020,0.925919,0.074081
math,36,2019,2020,0.886257,0.113743
math,37,2019,2020,0.394317,0.605683
math,38,2019,2020,0.912349,0.087651
math,39,2019,2020,0.574028,0.425972
math,40,2019,2020,0.892374,0.107626
math,41,2019,2020,0.956278,0.043722
math,42,2019,2020,0.870566,0.129434
math,43,2019,2020,0.499661,0.500339
math,44,2019,2020,0.893401,0.106599
math,45,2019,2020,0.825019,0.174981
math,47,2019,2020,0.86137,0.13863
math,48,2019,2020,0.701179,0.298821
math,49,2019,2020,0.822021,0.177979
math,0,2020,2021,0.927533,0.072467
math,1,2020,2021,0.900084,0.099916
math,2,2020,2021,0.759257,0.240743
math,3,2020,2021,0.936926,0.063074
math,4,2020,2021,0.965408,0.034592
math,5,2020,2021,0.674336,0.325664
math,6,2020,2021,0.917733,0.082267
math,7,2020,2021,0.893529,0.106471
math,8,2020,2021,0.897904,0.102096
math,9,2020,2021,0.736687,0.263313
math,10,2020,2021,0.633216,0.366784
math,11,2020,2021,0.903616,0.096384
math,12,2020,2021,0.903883,0.096117
math,13,2020,2021,0.92828,0.07172
math,14,2020,2021,0.897679,0.102321
math,15,2020,2021,0.919633,0.080367
math,16,2020,2021,0.692561,0.307439
math,17,2020,2021,0.874587,0.125413
math,18,2020,2021,0.835845,0.164155
math,19,2020,2021,0.915625,0.084375
math,20,2020,2021,0.786341,0.213659
math,21,2020,2021,0.915157,0.084843
math,22,2020,2021,0.847941,0.152059
math,23,2020,2021,0.038742,0.961258
math,24,2020,2021,0.733776,0.266224
math,25,2020,2021,0.613641,0.386359
math,26,2020,2021,0.845411,0.154589
math,27,2020,2021,0.558344,0.441656
math,28,2020,2021,0.902782,0.097218
math,29,2020,2021,0.948136,0.051864
math,31,2020,2021,0.262311,0.737689
math,32,2020,2021,0.935441,0.064559
math,33,2020,2021,0.899508,0.100492
math,34,2020,2021,0.656374,0.343626
math,35,2020,2021,0.930658,0.069342
math,36,2020,2021,0.922301,0.077699
math,37,2020,2021,0.460806,0.539194
math,38,2020,2021,0.934565,0.065435
math,39,2020,2021,0.613849,0.386151
math,40,2020,2021,0.903136,0.096864
math,41,2020,2021,0.948796,0.051204
math,42,2020,2021,0.831191,0.168809
math,43,2020,2021,0.558008,0.441992
math,44,2020,2021,0.914709,0.085291
math,45,2020,2021,0.868655,0.131345
math,47,2020,2021,0.897019,0.102981
math,48,2020,2021,0.678216,0.321784
math,49,2020,2021,0.848796,0.151204
math,0,2021,2022,0.940655,0.059345
math,1,2021,2022,0.900112,0.099888
math,2,2021,2022,0.923299,0.076701
math,3,2021,2022,0.899379,0.100621
math,4,2021,2022,0.886683,0.113317
math,5,2021,2022,0.433059,0.566941
math,6,2021,2022,0.948136,0.051864
math,7,2021,2022,0.950496,0.049504
math,8,2021,2022,0.897904,0.102096
math,9,2021,2022,0.645452,0.354548
math,10,2021,2022,0.571337,0.428663
math,11,2021,2022,0.982095,0.017905
math,12,2021,2022,0.977784,0.022216
math,13,2021,2022,0.874716,0.125284
math,14,2021,2022,0.825959,0.174041
math,15,2021,2022,0.930891,0.069109
math,16,2021,2022,0.699649,0.300351
math,17,2021,2022,0.726004,0.273996
math,18,2021,2022,0.79409,0.20591
math,19,2021,2022,0.946307,0.053693
math,20,2021,2022,0.946633,0.053367
math,21,2021,2022,0.870437,0.129563
math,22,2021,2022,0.883099,0.116901
math,23,2021,2022,0.325664,0.674336
math,24,2021,2022,0.906971,0.093029
math,25,2021,2022,0.697344,0.302656
math,26,2021,2022,0.787721,0.212279
math,27,2021,2022,0.662662,0.337338
math,28,2021,2022,0.914709,0.085291
math,29,2021,2022,0.951416,0.048584
math,31,2021,2022,0.378948,0.621052
math,32,2021,2022,0.929183,0.070817
math,33,2021,2022,0.800299,0.199701
math,34,2021,2022,0.795034,0.204966
math,35,2021,2022,0.9694,0.0306
math,36,2021,2022,0.979397,0.020603
math,37,2021,2022,0.694164,0.305836
math,38,2021,2022,0.929782,0.070218
math,39,2021,2022,0.640849,0.359151
math,40,2021,2022,0.956475,0.043525
math,41,2021,2022,0.955566,0.044434
math,42,2021,2022,0.818529,0.181471
math,43,2021,2022,0.509378,0.490622
math,44,2021,2022,0.918112,0.081888
math,45,2021,2022,0.837846,0.162154
math,47,2021,2022,0.841536,0.158464
math,48,2021,2022,0.731582,0.268418
math,49,2021,2022,0.681115,0.318885
math,0,2022,2023,0.918438,0.081562
math,1,2022,2023,0.971805,0.028195
math,2,2022,2023,0.84698,0.15302
math,3,2022,2023,0.915158,0.084842
math,4,2022,2023,0.831658,0.168342
math,5,2022,2023,0.464406,0.535594
math,6,2022,2023,0.946633,0.053367
math,7,2022,2023,0.940655,0.059345
math,8,2022,2023,0.906971,0.093029
math,9,2022,2023,0.769036,0.230964
math,10,2022,2023,0.495556,0.504444
math,11,2022,2023,0.957891,0.042109
math,12,2022,2023,0.948883,0.051117
math,13,2022,2023,0.868229,0.131771
math,14,2022,2023,0.867321,0.132679
math,15,2022,2023,0.916353,0.083647
math,16,2022,2023,0.805383,0.194617
math,17,2022,2023,0.83465,0.16535
math,18,2022,2023,0.732683,0.267317
math,19,2022,2023,0.870157,0.129843
math,20,2022,2023,0.883099,0.116901
math,21,2022,2023,0.92275,0.07725
math,22,2022,2023,0.816791,0.183209
math,23,2022,2023,0.426241,0.573759
math,24,2022,2023,0.891701,0.108299
math,25,2022,2023,0.512009,0.487991
math,26,2022,2023,0.658881,0.341119
math,27,2022,2023,0.658881,0.341119
math,28,2022,2023,0.819941,0.180059
math,29,2022,2023,0.944933,0.055067
math,30,2022,2023,0.449351,0.550649
math,31,2022,2023,0.3775,0.6225
math,32,2022,2023,1.0,0.0
math,33,2022,2023,0.946633,0.053367
math,34,2022,2023,0.749231,0.250769
math,35,2022,2023,0.933063,0.066937
math,36,2022,2023,0.886257,0.113743
math,37,2022,2023,0.507506,0.492494
math,38,2022,2023,0.937374,0.062626
math,39,2022,2023,0.650683,0.349317
math,40,2022,2023,0.932143,0.067857
math,41,2022,2023,0.952286,0.047714
math,42,2022,2023,0.806327,0.193673
math,43,2022,2023,0.423752,0.576248
math,44,2022,2023,0.955874,0.044126
math,45,2022,2023,0.832591,0.167409
math,46,2022,2023,0.198708,0.801292
math,47,2022,2023,0.853279,0.146721
math,48,2022,2023,0.64732,0.35268
math,49,2022,2023,0.923428,0.076572
math,0,2023,2024,0.890733,0.109267
math,1,2023,2024,0.921275,0.078725
math,2,2023,2024,0.878905,0.121095
math,3,2023,2024,0.842177,0.157823
math,4,2023,2024,0.954775,0.045225
math,5,2023,2024,0.571466,0.428534
math,6,2023,2024,0.956475,0.043525
math,7,2023,2024,0.992408,0.007592
math,8,2023,2024,0.831246,0.168754
math,9,2023,2024,0.78817,0.21183
math,10,2023,2024,0.684654,0.315346
math,11,2023,2024,0.986429,0.013571
math,12,2023,2024,0.940376,0.059624
math,13,2023,2024,0.918701,0.081299
math,14,2023,2024,0.876096,0.123904
math,15,2023,2024,0.886386,0.113614
math,16,2023,2024,0.637561,0.362439
math,17,2023,2024,0.891746,0.108254
math,18,2023,2024,0.832442,0.167558
math,19,2023,2024,0.961258,0.038742
math,20,2023,2024,0.933063,0.066937
math,21,2023,2024,0.910279,0.089721
math,22,2023,2024,0.757282,0.242718
math,23,2023,2024,0.272281,0.727719
math,24,2023,2024,0.944013,0.055987
math,25,2023,2024,0.568656,0.431344
math,26,2023,2024,0.702406,0.297594
math,27,2023,2024,0.765481,0.234519
math,28,2023,2024,0.875668,0.124332
math,29,2023,2024,0.990158,0.009842
math,30,2023,2024,0.365309,0.634691
math,31,2023,2024,0.52388,0.47612
math,32,2023,2024,0.91125,0.08875
math,33,2023,2024,0.943033,0.056967
math,34,2023,2024,0.589158,0.410842
math,35,2023,2024,0.91125,0.08875
math,36,2023,2024,0.936926,0.063074
math,37,2023,2024,0.538853,0.461147
math,38,2023,2024,1.0,0.0
math,39,2023,2024,0.666194,0.333806
math,40,2023,2024,0.968524,0.031476
math,41,2023,2024,0.948841,0.051159
math,42,2023,2024,0.858702,0.141298
math,43,2023,2024,0.711827,0.288173
math,44,2023,2024,0.933063,0.066937
math,45,2023,2024,0.855279,0.144721
math,46,2023,2024,0.595624,0.404376
math,47,2023,2024,0.844184,0.155816
math,48,2023,2024,0.714261,0.285739
math,49,2023,2024,0.817674,0.182326
math,0,2024,2025,0.934258,0.065742
math,1,2024,2025,0.955566,0.044434
math,2,2024,2025,0.945241,0.054759
math,3,2024,2025,0.884782,0.115218
math,4,2024,2025,0.979286,0.020714
math,5,2024,2025,0.563126,0.436874
math,6,2024,2025,0.961258,0.038742
math,7,2024,2025,0.951416,0.048584
math,8,2024,2025,0.892846,0.107154
math,9,2024,2025,0.804695,0.195305
math,10,2024,2025,0.666941,0.333059
math,11,2024,2025,0.981646,0.018354
math,12,2024,2025,0.943824,0.056176
math,13,2024,2025,0.924679,0.075321
math,14,2024,2025,0.940009,0.059991
math,15,2024,2025,0.925128,0.074872
math,16,2024,2025,0.654994,0.345006
math,17,2024,2025,0.880279,0.119721
math,18,2024,2025,0.875967,0.124033
math,19,2024,2025,0.91125,0.08875
math,20,2024,2025,0.828382,0.171618
math,21,2024,2025,0.950496,0.049504
math,22,2024,2025,0.720877,0.279123
math,23,2024,2025,0.286725,0.713275
math,24,2024,2025,0.845733,0.154267
math,25,2024,2025,0.407311,0.592689
math,26,2024,2025,0.701628,0.298372
math,27,2024,2025,0.697624,0.302376
math,28,2024,2025,0.902507,0.097493
math,29,2024,2025,0.941996,0.058004
math,31,2024,2025,0.681042,0.318958
math,32,2024,2025,0.934258,0.065742
math,33,2024,2025,0.804162,0.195838
math,34,2024,2025,0.723839,0.276161
math,35,2024,2025,0.904162,0.095838
math,36,2024,2025,0.933063,0.066937
math,37,2024,2025,0.363313,0.636687
math,38,2024,2025,0.930702,0.069298
math,39,2024,2025,0.673876,0.326124
math,40,2024,2025,0.963466,0.036534
math,41,2024,2025,0.971934,0.028066
math,42,2024,2025,0.886234,0.113766
math,43,2024,2025,0.745749,0.254251
math,44,2024,2025,0.986429,0.013571
math,45,2024,2025,0.989238,0.010762
math,46,2024,2025,0.237647,0.762353
math,47,2024,2025,0.899379,0.100621
math,48,2024,2025,0.706794,0.293206
math,49,2024,2025,0.967021,0.032979
