subject,topic_id,baseline_year,year,years_elapsed,cosine_sim_to_baseline,drift_from_baseline
physics,0,2000,2000,0,1.0,0.0
physics,0,2000,2001,1,0.462506,0.537494
physics,0,2000,2002,2,0.356534,0.643466
physics,0,2000,2003,3,0.217086,0.782914
physics,0,2000,2004,4,0.320601,0.679399
physics,0,2000,2005,5,0.370565,0.629435
physics,0,2000,2006,6,0.392601,0.607399
physics,0,2000,2007,7,0.223568,0.776432
physics,0,2000,2008,8,0.397565,0.602435
physics,0,2000,2009,9,0.125284,0.874716
physics,0,2000,2010,10,0.043525,0.956475
physics,0,2000,2011,11,0.082267,0.917733
physics,0,2000,2012,12,0.0,1.0
physics,0,2000,2013,13,0.0,1.0
physics,0,2000,2014,14,0.0,1.0
physics,0,2000,2015,15,0.0,1.0
physics,0,2000,2016,16,0.0,1.0
physics,0,2000,2017,17,0.0,1.0
physics,0,2000,2018,18,0.0,1.0
physics,0,2000,2019,19,0.0,1.0
physics,0,2000,2020,20,0.0,1.0
physics,0,2000,2021,21,0.0,1.0
physics,0,2000,2022,22,0.0,1.0
physics,0,2000,2023,23,0.0,1.0
physics,0,2000,2024,24,0.0,1.0
physics,0,2000,2025,25,0.0,1.0
physics,1,2000,2000,0,1.0,0.0
physics,1,2000,2001,1,0.225905,0.774095
physics,1,2000,2002,2,0.343372,0.656628
physics,1,2000,2003,3,0.213809,0.786191
physics,1,2000,2004,4,0.300072,0.699928
physics,1,2000,2005,5,0.168809,0.831191
physics,1,2000,2006,6,0.382619,0.617381
physics,1,2000,2007,7,0.141809,0.858191
physics,1,2000,2008,8,0.267094,0.732906
physics,1,2000,2009,9,0.08705,0.91295
physics,1,2000,2010,10,0.0,1.0
physics,1,2000,2011,11,0.13458,0.86542
physics,1,2000,2012,12,0.137026,0.862974
physics,1,2000,2013,13,0.252551,0.747449
physics,1,2000,2014,14,0.170284,0.829716
physics,1,2000,2015,15,0.137155,0.862845
physics,1,2000,2016,16,0.0,1.0
physics,1,2000,2017,17,0.080059,0.919941
physics,1,2000,2018,18,0.038742,0.961258
physics,1,2000,2019,19,0.0,1.0
physics,1,2000,2020,20,0.0,1.0
physics,1,2000,2021,21,0.0,1.0
physics,1,2000,2022,22,0.0,1.0
physics,1,2000,2023,23,0.0,1.0
physics,1,2000,2024,24,0.0,1.0
physics,1,2000,2025,25,0.0,1.0
physics,2,2000,2000,0,1.0,0.0
physics,2,2000,2001,1,0.609378,0.390622
physics,2,2000,2002,2,0.503148,0.496852
physics,2,2000,2003,3,0.350343,0.649657
physics,2,2000,2004,4,0.191313,0.808687
physics,2,2000,2005,5,0.350836,0.649164
physics,2,2000,2006,6,0.466361,0.533639
physics,2,2000,2007,7,0.287151,0.712849
physics,2,2000,2008,8,0.236034,0.763966
physics,2,2000,2009,9,0.038742,0.961258
physics,2,2000,2010,10,0.049504,0.950496
physics,2,2000,2011,11,0.080059,0.919941
physics,2,2000,2012,12,0.080059,0.919941
physics,2,2000,2013,13,0.0,1.0
physics,2,2000,2014,14,0.0,1.0
physics,2,2000,2015,15,0.250343,0.749657
physics,2,2000,2016,16,0.170284,0.829716
physics,2,2000,2017,17,0.170284,0.829716
physics,2,2000,2018,18,0.270284,0.729716
physics,2,2000,2019,19,0.125284,0.874716
physics,2,2000,2020,20,0.057096,0.942904
physics,2,2000,2021,21,0.0,1.0
physics,2,2000,2022,22,0.0,1.0
physics,2,2000,2023,23,0.0,1.0
physics,2,2000,2024,24,0.0,1.0
physics,2,2000,2025,25,0.0,1.0
physics,3,2000,2000,0,1.0,0.0
physics,3,2000,2001,1,0.116441,0.883559
physics,3,2000,2002,2,0.458344,0.541656
physics,3,2000,2003,3,0.398131,0.601869
physics,3,2000,2004,4,0.248869,0.751131
physics,3,2000,2005,5,0.430871,0.569129
physics,3,2000,2006,6,0.287611,0.712389
physics,3,2000,2007,7,0.125284,0.874716
physics,3,2000,2008,8,0.21353,0.78647
physics,3,2000,2009,9,0.066937,0.933063
physics,3,2000,2010,10,0.043525,0.956475
physics,3,2000,2011,11,0.049504,0.950496
physics,3,2000,2012,12,0.049504,0.950496
physics,3,2000,2013,13,0.0,1.0
physics,3,2000,2014,14,0.0,1.0
physics,3,2000,2015,15,0.049504,0.950496
physics,3,2000,2016,16,0.038742,0.961258
physics,3,2000,2017,17,0.0,1.0
physics,3,2000,2018,18,0.049504,0.950496
physics,3,2000,2019,19,0.049504,0.950496
physics,3,2000,2020,20,0.049504,0.950496
physics,3,2000,2021,21,0.049504,0.950496
physics,3,2000,2022,22,0.049504,0.950496
physics,3,2000,2023,23,0.0,1.0
physics,3,2000,2024,24,0.0,1.0
physics,3,2000,2025,25,0.0,1.0
physics,4,2000,2000,0,1.0,0.0
physics,4,2000,2001,1,0.345072,0.654928
physics,4,2000,2002,2,0.405723,0.594277
physics,4,2000,2003,3,0.246293,0.753707
physics,4,2000,2004,4,0.350685,0.649315
physics,4,2000,2005,5,0.188867,0.811133
physics,4,2000,2006,6,0.199628,0.800372
physics,4,2000,2007,7,0.261334,0.738666
physics,4,2000,2008,8,0.136554,0.863446
physics,4,2000,2009,9,0.105679,0.894321
physics,4,2000,2010,10,0.18653,0.81347
physics,4,2000,2011,11,0.0,1.0
physics,4,2000,2012,12,0.0,1.0
physics,4,2000,2013,13,0.0,1.0
physics,4,2000,2014,14,0.057096,0.942904
physics,4,2000,2015,15,0.170284,0.829716
physics,4,2000,2016,16,0.066937,0.933063
physics,4,2000,2017,17,0.0,1.0
physics,4,2000,2018,18,0.0,1.0
physics,4,2000,2019,19,0.0,1.0
physics,4,2000,2020,20,0.0,1.0
physics,4,2000,2021,21,0.0,1.0
physics,4,2000,2022,22,0.0,1.0
physics,4,2000,2023,23,0.080059,0.919941
physics,4,2000,2024,24,0.080059,0.919941
physics,4,2000,2025,25,0.170284,0.829716
physics,5,2000,2000,0,1.0,0.0
physics,5,2000,2001,1,0.431344,0.568656
physics,5,2000,2002,2,0.419601,0.580399
physics,5,2000,2003,3,0.183378,0.816622
physics,5,2000,2004,4,0.18238,0.81762
physics,5,2000,2005,5,0.165221,0.834779
physics,5,2000,2006,6,0.209026,0.790974
physics,5,2000,2007,7,0.049504,0.950496
physics,5,2000,2008,8,0.099007,0.900993
physics,5,2000,2009,9,0.0,1.0
physics,5,2000,2010,10,0.0,1.0
physics,5,2000,2011,11,0.0,1.0
physics,5,2000,2012,12,0.136554,0.863446
physics,5,2000,2013,13,0.043525,0.956475
physics,5,2000,2014,14,0.043525,0.956475
physics,5,2000,2015,15,0.0,1.0
physics,5,2000,2016,16,0.0,1.0
physics,5,2000,2017,17,0.0,1.0
physics,5,2000,2018,18,0.0,1.0
physics,5,2000,2019,19,0.0,1.0
physics,5,2000,2020,20,0.080059,0.919941
physics,5,2000,2021,21,0.080059,0.919941
physics,5,2000,2022,22,0.080059,0.919941
physics,5,2000,2023,23,0.080059,0.919941
physics,5,2000,2024,24,0.080059,0.919941
physics,5,2000,2025,25,0.0,1.0
physics,6,2000,2000,0,1.0,0.0
physics,6,2000,2001,1,0.347153,0.652847
physics,6,2000,2002,2,0.465069,0.534931
physics,6,2000,2003,3,0.278964,0.721036
physics,6,2000,2004,4,0.327548,0.672452
physics,6,2000,2005,5,0.235439,0.764561
physics,6,2000,2006,6,0.217086,0.782914
physics,6,2000,2007,7,0.263437,0.736563
physics,6,2000,2008,8,0.289086,0.710914
physics,6,2000,2009,9,0.106599,0.893401
physics,6,2000,2010,10,0.106599,0.893401
physics,6,2000,2011,11,0.066937,0.933063
physics,6,2000,2012,12,0.146996,0.853004
physics,6,2000,2013,13,0.165221,0.834779
physics,6,2000,2014,14,0.280664,0.719336
physics,6,2000,2015,15,0.147788,0.852212
physics,6,2000,2016,16,0.219788,0.780212
physics,6,2000,2017,17,0.219788,0.780212
physics,6,2000,2018,18,0.231884,0.768116
physics,6,2000,2019,19,0.186659,0.813341
physics,6,2000,2020,20,0.204884,0.795116
physics,6,2000,2021,21,0.231884,0.768116
physics,6,2000,2022,22,0.221122,0.778878
physics,6,2000,2023,23,0.147788,0.852212
physics,6,2000,2024,24,0.066937,0.933063
physics,6,2000,2025,25,0.0,1.0
physics,7,2000,2000,0,1.0,0.0
physics,7,2000,2001,1,0.15538,0.84462
physics,7,2000,2002,2,0.265842,0.734158
physics,7,2000,2003,3,0.498131,0.501869
physics,7,2000,2004,4,0.217214,0.782786
physics,7,2000,2005,5,0.334311,0.665689
physics,7,2000,2006,6,0.137026,0.862974
physics,7,2000,2007,7,0.221869,0.778131
physics,7,2000,2008,8,0.425131,0.574869
physics,7,2000,2009,9,0.217809,0.782191
physics,7,2000,2010,10,0.18653,0.81347
physics,7,2000,2011,11,0.043525,0.956475
physics,7,2000,2012,12,0.057096,0.942904
physics,7,2000,2013,13,0.043525,0.956475
physics,7,2000,2014,14,0.125284,0.874716
physics,7,2000,2015,15,0.125284,0.874716
physics,7,2000,2016,16,0.125284,0.874716
physics,7,2000,2017,17,0.205343,0.794657
physics,7,2000,2018,18,0.205343,0.794657
physics,7,2000,2019,19,0.178343,0.821657
physics,7,2000,2020,20,0.080059,0.919941
physics,7,2000,2021,21,0.080059,0.919941
physics,7,2000,2022,22,0.080059,0.919941
physics,7,2000,2023,23,0.0,1.0
physics,7,2000,2024,24,0.0,1.0
physics,7,2000,2025,25,0.0,1.0
physics,8,2000,2000,0,1.0,0.0
physics,8,2000,2001,1,0.247617,0.752383
physics,8,2000,2002,2,0.328917,0.671083
physics,8,2000,2003,3,0.124033,0.875967
physics,8,2000,2004,4,0.204092,0.795908
physics,8,2000,2005,5,0.444909,0.555091
physics,8,2000,2006,6,0.385092,0.614908
physics,8,2000,2007,7,0.095838,0.904162
physics,8,2000,2008,8,0.198905,0.801095
physics,8,2000,2009,9,0.175897,0.824103
physics,8,2000,2010,10,0.18238,0.81762
physics,8,2000,2011,11,0.057096,0.942904
physics,8,2000,2012,12,0.057096,0.942904
physics,8,2000,2013,13,0.124033,0.875967
physics,8,2000,2014,14,0.124033,0.875967
physics,8,2000,2015,15,0.066937,0.933063
physics,8,2000,2016,16,0.066937,0.933063
physics,8,2000,2017,17,0.066937,0.933063
physics,8,2000,2018,18,0.0,1.0
physics,8,2000,2019,19,0.0,1.0
physics,8,2000,2020,20,0.0,1.0
physics,8,2000,2021,21,0.0,1.0
physics,8,2000,2022,22,0.0,1.0
physics,8,2000,2023,23,0.0,1.0
physics,8,2000,2024,24,0.0,1.0
physics,8,2000,2025,25,0.0,1.0
physics,9,2000,2000,0,1.0,0.0
physics,9,2000,2001,1,0.230184,0.769816
physics,9,2000,2002,2,0.625281,0.374719
physics,9,2000,2003,3,0.546248,0.453752
physics,9,2000,2004,4,0.39734,0.60266
physics,9,2000,2005,5,0.519153,0.480847
physics,9,2000,2006,6,0.337842,0.662158
physics,9,2000,2007,7,0.167109,0.832891
physics,9,2000,2008,8,0.198708,0.801292
physics,9,2000,2009,9,0.133874,0.866126
physics,9,2000,2010,10,0.123584,0.876416
physics,9,2000,2011,11,0.098284,0.901716
physics,9,2000,2012,12,0.038742,0.961258
physics,9,2000,2013,13,0.057096,0.942904
physics,9,2000,2014,14,0.038742,0.961258
physics,9,2000,2015,15,0.0,1.0
physics,9,2000,2016,16,0.0,1.0
physics,9,2000,2017,17,0.0,1.0
physics,9,2000,2018,18,0.0,1.0
physics,9,2000,2019,19,0.057096,0.942904
physics,9,2000,2020,20,0.125284,0.874716
physics,9,2000,2021,21,0.270284,0.729716
physics,9,2000,2022,22,0.146996,0.853004
physics,9,2000,2023,23,0.080059,0.919941
physics,9,2000,2024,24,0.080059,0.919941
physics,9,2000,2025,25,0.057096,0.942904
physics,10,2000,2000,0,1.0,0.0
physics,10,2000,2001,1,0.423752,0.576248
physics,10,2000,2002,2,0.390072,0.609928
physics,10,2000,2003,3,0.438853,0.561147
physics,10,2000,2004,4,0.311023,0.688977
physics,10,2000,2005,5,0.360067,0.639933
physics,10,2000,2006,6,0.199628,0.800372
physics,10,2000,2007,7,0.219788,0.780212
physics,10,2000,2008,8,0.243626,0.756374
physics,10,2000,2009,9,0.137026,0.862974
physics,10,2000,2010,10,0.123584,0.876416
physics,10,2000,2011,11,0.0,1.0
physics,10,2000,2012,12,0.082267,0.917733
physics,10,2000,2013,13,0.0,1.0
physics,10,2000,2014,14,0.038742,0.961258
physics,10,2000,2015,15,0.168305,0.831695
physics,10,2000,2016,16,0.129563,0.870437
physics,10,2000,2017,17,0.129563,0.870437
physics,10,2000,2018,18,0.129563,0.870437
physics,10,2000,2019,19,0.129563,0.870437
physics,10,2000,2020,20,0.106599,0.893401
physics,10,2000,2021,21,0.049504,0.950496
physics,10,2000,2022,22,0.049504,0.950496
physics,10,2000,2023,23,0.049504,0.950496
physics,10,2000,2024,24,0.049504,0.950496
physics,10,2000,2025,25,0.049504,0.950496
physics,11,2000,2000,0,1.0,0.0
physics,11,2000,2001,1,0.325664,0.674336
physics,11,2000,2002,2,0.082267,0.917733
physics,11,2000,2003,3,0.131771,0.868229
physics,11,2000,2004,4,0.523752,0.476248
physics,11,2000,2005,5,0.298372,0.701628
physics,11,2000,2006,6,0.595752,0.404248
physics,11,2000,2007,7,0.221122,0.778878
physics,11,2000,2008,8,0.242834,0.757166
physics,11,2000,2009,9,0.114191,0.885809
physics,11,2000,2010,10,0.231884,0.768116
physics,11,2000,2011,11,0.0,1.0
physics,11,2000,2012,12,0.0,1.0
physics,11,2000,2013,13,0.0,1.0
physics,11,2000,2014,14,0.049504,0.950496
physics,11,2000,2015,15,0.0,1.0
physics,11,2000,2016,16,0.0,1.0
physics,11,2000,2017,17,0.0,1.0
physics,11,2000,2018,18,0.0,1.0
physics,11,2000,2019,19,0.0,1.0
physics,11,2000,2020,20,0.0,1.0
physics,11,2000,2021,21,0.057096,0.942904
physics,11,2000,2022,22,0.095838,0.904162
physics,11,2000,2023,23,0.057096,0.942904
physics,11,2000,2024,24,0.057096,0.942904
physics,11,2000,2025,25,0.057096,0.942904
physics,12,2000,2000,0,1.0,0.0
physics,12,2000,2001,1,0.247617,0.752383
physics,12,2000,2002,2,0.318014,0.681986
physics,12,2000,2003,3,0.387498,0.612502
physics,12,2000,2004,4,0.139363,0.860637
physics,12,2000,2005,5,0.342346,0.657654
physics,12,2000,2006,6,0.098284,0.901716
physics,12,2000,2007,7,0.265842,0.734158
physics,12,2000,2008,8,0.146996,0.853004
physics,12,2000,2009,9,0.192221,0.807779
physics,12,2000,2010,10,0.125284,0.874716
physics,12,2000,2011,11,0.168809,0.831191
physics,12,2000,2012,12,0.125284,0.874716
physics,12,2000,2013,13,0.174788,0.825212
physics,12,2000,2014,14,0.168809,0.831191
physics,12,2000,2015,15,0.125284,0.874716
physics,12,2000,2016,16,0.207551,0.792449
physics,12,2000,2017,17,0.066937,0.933063
physics,12,2000,2018,18,0.0,1.0
physics,12,2000,2019,19,0.0,1.0
physics,12,2000,2020,20,0.0,1.0
physics,12,2000,2021,21,0.0,1.0
physics,12,2000,2022,22,0.0,1.0
physics,12,2000,2023,23,0.0,1.0
physics,12,2000,2024,24,0.0,1.0
physics,12,2000,2025,25,0.0,1.0
physics,13,2000,2000,0,1.0,0.0
physics,13,2000,2001,1,0.360806,0.639194
physics,13,2000,2002,2,0.315806,0.684194
physics,13,2000,2003,3,0.275964,0.724036
physics,13,2000,2004,4,0.506216,0.493784
physics,13,2000,2005,5,0.437502,0.562498
physics,13,2000,2006,6,0.256001,0.743999
physics,13,2000,2007,7,0.417773,0.582227
physics,13,2000,2008,8,0.049504,0.950496
physics,13,2000,2009,9,0.105679,0.894321
physics,13,2000,2010,10,0.0,1.0
physics,13,2000,2011,11,0.0,1.0
physics,13,2000,2012,12,0.0,1.0
physics,13,2000,2013,13,0.0,1.0
physics,13,2000,2014,14,0.0,1.0
physics,13,2000,2015,15,0.0,1.0
physics,13,2000,2016,16,0.0,1.0
physics,13,2000,2017,17,0.0,1.0
physics,13,2000,2018,18,0.080059,0.919941
physics,13,2000,2019,19,0.0,1.0
physics,13,2000,2020,20,0.080059,0.919941
physics,13,2000,2021,21,0.080059,0.919941
physics,13,2000,2022,22,0.080059,0.919941
physics,13,2000,2023,23,0.049504,0.950496
physics,13,2000,2024,24,0.0,1.0
physics,13,2000,2025,25,0.0,1.0
physics,14,2000,2000,0,1.0,0.0
physics,14,2000,2001,1,0.607847,0.392153
physics,14,2000,2002,2,0.37888,0.62112
physics,14,2000,2003,3,0.456943,0.543057
physics,14,2000,2004,4,0.114191,0.885809
physics,14,2000,2005,5,0.539659,0.460341
physics,14,2000,2006,6,0.319788,0.680212
physics,14,2000,2007,7,0.21183,0.78817
physics,14,2000,2008,8,0.212334,0.787666
physics,14,2000,2009,9,0.139363,0.860637
physics,14,2000,2010,10,0.257334,0.742666
physics,14,2000,2011,11,0.175897,0.824103
physics,14,2000,2012,12,0.038742,0.961258
physics,14,2000,2013,13,0.0,1.0
physics,14,2000,2014,14,0.0,1.0
physics,14,2000,2015,15,0.129563,0.870437
physics,14,2000,2016,16,0.080059,0.919941
physics,14,2000,2017,17,0.123584,0.876416
physics,14,2000,2018,18,0.066937,0.933063
physics,14,2000,2019,19,0.066937,0.933063
physics,14,2000,2020,20,0.0,1.0
physics,14,2000,2021,21,0.0,1.0
physics,14,2000,2022,22,0.0,1.0
physics,14,2000,2023,23,0.0,1.0
physics,14,2000,2024,24,0.0,1.0
physics,14,2000,2025,25,0.0,1.0
physics,15,2000,2000,0,1.0,0.0
physics,15,2000,2001,1,0.237647,0.762353
physics,15,2000,2002,2,0.137026,0.862974
physics,15,2000,2003,3,0.106599,0.893401
physics,15,2000,2004,4,0.106599,0.893401
physics,15,2000,2005,5,0.147788,0.852212
physics,15,2000,2006,6,0.407781,0.592219
physics,15,2000,2007,7,0.242386,0.757614
physics,15,2000,2008,8,0.34237,0.65763
physics,15,2000,2009,9,0.479311,0.520689
physics,15,2000,2010,10,0.038742,0.961258
physics,15,2000,2011,11,0.0,1.0
physics,15,2000,2012,12,0.0,1.0
physics,15,2000,2013,13,0.066937,0.933063
physics,15,2000,2014,14,0.066937,0.933063
physics,15,2000,2015,15,0.066937,0.933063
physics,15,2000,2016,16,0.057096,0.942904
physics,15,2000,2017,17,0.0,1.0
physics,15,2000,2018,18,0.049504,0.950496
physics,15,2000,2019,19,0.0,1.0
physics,15,2000,2020,20,0.038742,0.961258
physics,15,2000,2021,21,0.038742,0.961258
physics,15,2000,2022,22,0.038742,0.961258
physics,15,2000,2023,23,0.038742,0.961258
physics,15,2000,2024,24,0.0,1.0
physics,15,2000,2025,25,0.0,1.0
physics,16,2000,2000,0,1.0,0.0
physics,16,2000,2001,1,0.271821,0.728179
physics,16,2000,2002,2,0.461597,0.538403
physics,16,2000,2003,3,0.464406,0.535594
physics,16,2000,2004,4,0.335931,0.664069
physics,16,2000,2005,5,0.280664,0.719336
physics,16,2000,2006,6,0.368568,0.631432
physics,16,2000,2007,7,0.141809,0.858191
physics,16,2000,2008,8,0.123584,0.876416
physics,16,2000,2009,9,0.170284,0.829716
physics,16,2000,2010,10,0.123584,0.876416
physics,16,2000,2011,11,0.0,1.0
physics,16,2000,2012,12,0.057096,0.942904
physics,16,2000,2013,13,0.0,1.0
physics,16,2000,2014,14,0.0,1.0
physics,16,2000,2015,15,0.0,1.0
physics,16,2000,2016,16,0.043525,0.956475
physics,16,2000,2017,17,0.057096,0.942904
physics,16,2000,2018,18,0.0,1.0
physics,16,2000,2019,19,0.0,1.0
physics,16,2000,2020,20,0.0,1.0
physics,16,2000,2021,21,0.0,1.0
physics,16,2000,2022,22,0.0,1.0
physics,16,2000,2023,23,0.0,1.0
physics,16,2000,2024,24,0.049504,0.950496
physics,16,2000,2025,25,0.049504,0.950496
physics,17,2000,2000,0,1.0,0.0
physics,17,2000,2001,1,0.247489,0.752511
physics,17,2000,2002,2,0.105679,0.894321
physics,17,2000,2003,3,0.184084,0.815916
physics,17,2000,2004,4,0.387264,0.612736
physics,17,2000,2005,5,0.254387,0.745613
physics,17,2000,2006,6,0.418693,0.581307
physics,17,2000,2007,7,0.204092,0.795908
physics,17,2000,2008,8,0.145342,0.854658
physics,17,2000,2009,9,0.170284,0.829716
physics,17,2000,2010,10,0.049504,0.950496
physics,17,2000,2011,11,0.174788,0.825212
physics,17,2000,2012,12,0.049504,0.950496
physics,17,2000,2013,13,0.049504,0.950496
physics,17,2000,2014,14,0.049504,0.950496
physics,17,2000,2015,15,0.049504,0.950496
physics,17,2000,2016,16,0.0,1.0
physics,17,2000,2017,17,0.049504,0.950496
physics,17,2000,2018,18,0.057096,0.942904
physics,17,2000,2019,19,0.0,1.0
physics,17,2000,2020,20,0.0,1.0
physics,17,2000,2021,21,0.0,1.0
physics,17,2000,2022,22,0.0,1.0
physics,17,2000,2023,23,0.0,1.0
physics,17,2000,2024,24,0.0,1.0
physics,17,2000,2025,25,0.0,1.0
physics,18,2000,2000,0,1.0,0.0
physics,18,2000,2001,1,0.289311,0.710689
physics,18,2000,2002,2,0.506031,0.493969
physics,18,2000,2003,3,0.262311,0.737689
physics,18,2000,2004,4,0.582099,0.417901
physics,18,2000,2005,5,0.137026,0.862974
physics,18,2000,2006,6,0.356814,0.643186
physics,18,2000,2007,7,0.066937,0.933063
physics,18,2000,2008,8,0.168305,0.831695
physics,18,2000,2009,9,0.229264,0.770736
physics,18,2000,2010,10,0.149204,0.850796
physics,18,2000,2011,11,0.0,1.0
physics,18,2000,2012,12,0.0,1.0
physics,18,2000,2013,13,0.080059,0.919941
physics,18,2000,2014,14,0.0,1.0
physics,18,2000,2015,15,0.0,1.0
physics,18,2000,2016,16,0.0,1.0
physics,18,2000,2017,17,0.0,1.0
physics,18,2000,2018,18,0.038742,0.961258
physics,18,2000,2019,19,0.0,1.0
physics,18,2000,2020,20,0.043525,0.956475
physics,18,2000,2021,21,0.0,1.0
physics,18,2000,2022,22,0.0,1.0
physics,18,2000,2023,23,0.098284,0.901716
physics,18,2000,2024,24,0.125284,0.874716
physics,18,2000,2025,25,0.270284,0.729716
physics,19,2000,2000,0,1.0,0.0
physics,19,2000,2001,1,0.294317,0.705683
physics,19,2000,2002,2,0.19097,0.80903
physics,19,2000,2003,3,0.302376,0.697624
physics,19,2000,2004,4,0.271821,0.728179
physics,19,2000,2005,5,0.318072,0.681928
physics,19,2000,2006,6,0.175768,0.824232
physics,19,2000,2007,7,0.268568,0.731432
physics,19,2000,2008,8,0.297272,0.702728
physics,19,2000,2009,9,0.043525,0.956475
physics,19,2000,2010,10,0.057096,0.942904
physics,19,2000,2011,11,0.095838,0.904162
physics,19,2000,2012,12,0.0,1.0
physics,19,2000,2013,13,0.0,1.0
physics,19,2000,2014,14,0.0,1.0
physics,19,2000,2015,15,0.170284,0.829716
physics,19,2000,2016,16,0.170284,0.829716
physics,19,2000,2017,17,0.170284,0.829716
physics,19,2000,2018,18,0.125284,0.874716
physics,19,2000,2019,19,0.057096,0.942904
physics,19,2000,2020,20,0.0,1.0
physics,19,2000,2021,21,0.0,1.0
physics,19,2000,2022,22,0.0,1.0
physics,19,2000,2023,23,0.0,1.0
physics,19,2000,2024,24,0.038742,0.961258
physics,19,2000,2025,25,0.038742,0.961258
physics,20,2000,2000,0,1.0,0.0
physics,20,2000,2001,1,0.149204,0.850796
physics,20,2000,2002,2,0.2063,0.7937
physics,20,2000,2003,3,0.352664,0.647336
physics,20,2000,2004,4,0.686531,0.313469
physics,20,2000,2005,5,0.302055,0.697945
physics,20,2000,2006,6,0.572339,0.427661
physics,20,2000,2007,7,0.302055,0.697945
physics,20,2000,2008,8,0.252551,0.747449
physics,20,2000,2009,9,0.191313,0.808687
physics,20,2000,2010,10,0.168809,0.831191
physics,20,2000,2011,11,0.0,1.0
physics,20,2000,2012,12,0.125284,0.874716
physics,20,2000,2013,13,0.170284,0.829716
physics,20,2000,2014,14,0.038742,0.961258
physics,20,2000,2015,15,0.0,1.0
physics,20,2000,2016,16,0.0,1.0
physics,20,2000,2017,17,0.0,1.0
physics,20,2000,2018,18,0.0,1.0
physics,20,2000,2019,19,0.038742,0.961258
physics,20,2000,2020,20,0.038742,0.961258
physics,20,2000,2021,21,0.038742,0.961258
physics,20,2000,2022,22,0.038742,0.961258
physics,20,2000,2023,23,0.038742,0.961258
physics,20,2000,2024,24,0.038742,0.961258
physics,20,2000,2025,25,0.038742,0.961258
physics,21,2000,2000,0,1.0,0.0
physics,21,2000,2001,1,0.252551,0.747449
physics,21,2000,2002,2,0.320409,0.679591
physics,21,2000,2003,3,0.298372,0.701628
physics,21,2000,2004,4,0.174788,0.825212
physics,21,2000,2005,5,0.300072,0.699928
physics,21,2000,2006,6,0.393853,0.606147
physics,21,2000,2007,7,0.129563,0.870437
physics,21,2000,2008,8,0.263313,0.736687
physics,21,2000,2009,9,0.15538,0.84462
physics,21,2000,2010,10,0.080059,0.919941
physics,21,2000,2011,11,0.043525,0.956475
physics,21,2000,2012,12,0.155183,0.844817
physics,21,2000,2013,13,0.049504,0.950496
physics,21,2000,2014,14,0.049504,0.950496
physics,21,2000,2015,15,0.057096,0.942904
physics,21,2000,2016,16,0.049504,0.950496
physics,21,2000,2017,17,0.049504,0.950496
physics,21,2000,2018,18,0.049504,0.950496
physics,21,2000,2019,19,0.049504,0.950496
physics,21,2000,2020,20,0.049504,0.950496
physics,21,2000,2021,21,0.057096,0.942904
physics,21,2000,2022,22,0.057096,0.942904
physics,21,2000,2023,23,0.124033,0.875967
physics,21,2000,2024,24,0.137155,0.862845
physics,21,2000,2025,25,0.15538,0.84462
physics,22,2000,2000,0,1.0,0.0
physics,22,2000,2001,1,0.125284,0.874716
physics,22,2000,2002,2,0.350964,0.649036
physics,22,2000,2003,3,0.397105,0.602895
physics,22,2000,2004,4,0.303628,0.696372
physics,22,2000,2005,5,0.146996,0.853004
physics,22,2000,2006,6,0.294317,0.705683
physics,22,2000,2007,7,0.192221,0.807779
physics,22,2000,2008,8,0.164026,0.835974
physics,22,2000,2009,9,0.0,1.0
physics,22,2000,2010,10,0.043525,0.956475
physics,22,2000,2011,11,0.100621,0.899379
physics,22,2000,2012,12,0.0,1.0
physics,22,2000,2013,13,0.043525,0.956475
physics,22,2000,2014,14,0.0,1.0
physics,22,2000,2015,15,0.0,1.0
physics,22,2000,2016,16,0.0,1.0
physics,22,2000,2017,17,0.0,1.0
physics,22,2000,2018,18,0.0,1.0
physics,22,2000,2019,19,0.0,1.0
physics,22,2000,2020,20,0.0,1.0
physics,22,2000,2021,21,0.0,1.0
physics,22,2000,2022,22,0.0,1.0
physics,22,2000,2023,23,0.0,1.0
physics,22,2000,2024,24,0.0,1.0
physics,22,2000,2025,25,0.0,1.0
physics,23,2000,2000,0,1.0,0.0
physics,23,2000,2001,1,0.317506,0.682494
physics,23,2000,2002,2,0.207551,0.792449
physics,23,2000,2003,3,0.231884,0.768116
physics,23,2000,2004,4,0.038742,0.961258
physics,23,2000,2005,5,0.203964,0.796036
physics,23,2000,2006,6,0.172617,0.827383
physics,23,2000,2007,7,0.452652,0.547348
physics,23,2000,2008,8,0.362506,0.637494
physics,23,2000,2009,9,0.105679,0.894321
physics,23,2000,2010,10,0.066937,0.933063
physics,23,2000,2011,11,0.192221,0.807779
physics,23,2000,2012,12,0.18238,0.81762
physics,23,2000,2013,13,0.125284,0.874716
physics,23,2000,2014,14,0.168809,0.831191
physics,23,2000,2015,15,0.125284,0.874716
physics,23,2000,2016,16,0.125284,0.874716
physics,23,2000,2017,17,0.125284,0.874716
physics,23,2000,2018,18,0.125284,0.874716
physics,23,2000,2019,19,0.0,1.0
physics,23,2000,2020,20,0.043525,0.956475
physics,23,2000,2021,21,0.038742,0.961258
physics,23,2000,2022,22,0.038742,0.961258
physics,23,2000,2023,23,0.038742,0.961258
physics,23,2000,2024,24,0.038742,0.961258
physics,23,2000,2025,25,0.038742,0.961258
physics,24,2000,2000,0,1.0,0.0
physics,24,2000,2001,1,0.427532,0.572468
physics,24,2000,2002,2,0.221122,0.778878
physics,24,2000,2003,3,0.433059,0.566941
physics,24,2000,2004,4,0.309772,0.690228
physics,24,2000,2005,5,0.354548,0.645452
physics,24,2000,2006,6,0.600169,0.399831
physics,24,2000,2007,7,0.384644,0.615356
physics,24,2000,2008,8,0.36393,0.63607
physics,24,2000,2009,9,0.216613,0.783387
physics,24,2000,2010,10,0.162326,0.837674
physics,24,2000,2011,11,0.123584,0.876416
physics,24,2000,2012,12,0.100621,0.899379
physics,24,2000,2013,13,0.093029,0.906971
physics,24,2000,2014,14,0.144146,0.855854
physics,24,2000,2015,15,0.049504,0.950496
physics,24,2000,2016,16,0.0,1.0
physics,24,2000,2017,17,0.0,1.0
physics,24,2000,2018,18,0.0,1.0
physics,24,2000,2019,19,0.0,1.0
physics,24,2000,2020,20,0.0,1.0
physics,24,2000,2021,21,0.0,1.0
physics,24,2000,2022,22,0.0,1.0
physics,24,2000,2023,23,0.0,1.0
physics,24,2000,2024,24,0.0,1.0
physics,24,2000,2025,25,0.0,1.0
physics,25,2000,2000,0,1.0,0.0
physics,25,2000,2001,1,0.174788,0.825212
physics,25,2000,2002,2,0.262311,0.737689
physics,25,2000,2003,3,0.350836,0.649164
physics,25,2000,2004,4,0.348628,0.651372
physics,25,2000,2005,5,0.263313,0.736687
physics,25,2000,2006,6,0.463414,0.536586
physics,25,2000,2007,7,0.165221,0.834779
physics,25,2000,2008,8,0.116441,0.883559
physics,25,2000,2009,9,0.057096,0.942904
physics,25,2000,2010,10,0.0,1.0
physics,25,2000,2011,11,0.0,1.0
physics,25,2000,2012,12,0.0,1.0
physics,25,2000,2013,13,0.0,1.0
physics,25,2000,2014,14,0.0,1.0
physics,25,2000,2015,15,0.0,1.0
physics,25,2000,2016,16,0.0,1.0
physics,25,2000,2017,17,0.0,1.0
physics,25,2000,2018,18,0.0,1.0
physics,25,2000,2019,19,0.0,1.0
physics,25,2000,2020,20,0.043525,0.956475
physics,25,2000,2021,21,0.043525,0.956475
physics,25,2000,2022,22,0.043525,0.956475
physics,25,2000,2023,23,0.0,1.0
physics,25,2000,2024,24,0.0,1.0
physics,25,2000,2025,25,0.0,1.0
physics,26,2000,2000,0,1.0,0.0
physics,26,2000,2001,1,0.514334,0.485666
physics,26,2000,2002,2,0.463874,0.536126
physics,26,2000,2003,3,0.437002,0.562998
physics,26,2000,2004,4,0.523581,0.476419
physics,26,2000,2005,5,0.480399,0.519601
physics,26,2000,2006,6,0.465069,0.534931
physics,26,2000,2007,7,0.316597,0.683403
physics,26,2000,2008,8,0.312923,0.687077
physics,26,2000,2009,9,0.155183,0.844817
physics,26,2000,2010,10,0.066937,0.933063
physics,26,2000,2011,11,0.139363,0.860637
physics,26,2000,2012,12,0.18068,0.81932
physics,26,2000,2013,13,0.217214,0.782786
physics,26,2000,2014,14,0.178343,0.821657
physics,26,2000,2015,15,0.248869,0.751131
physics,26,2000,2016,16,0.146996,0.853004
physics,26,2000,2017,17,0.118801,0.881199
physics,26,2000,2018,18,0.080059,0.919941
physics,26,2000,2019,19,0.0,1.0
physics,26,2000,2020,20,0.0,1.0
physics,26,2000,2021,21,0.0,1.0
physics,26,2000,2022,22,0.043525,0.956475
physics,26,2000,2023,23,0.0,1.0
physics,26,2000,2024,24,0.0,1.0
physics,26,2000,2025,25,0.0,1.0
physics,27,2000,2000,0,1.0,0.0
physics,27,2000,2001,1,0.186659,0.813341
physics,27,2000,2002,2,0.366784,0.633216
physics,27,2000,2003,3,0.321784,0.678216
physics,27,2000,2004,4,0.327524,0.672476
physics,27,2000,2005,5,0.424306,0.575694
physics,27,2000,2006,6,0.405247,0.594753
physics,27,2000,2007,7,0.066937,0.933063
physics,27,2000,2008,8,0.265842,0.734158
physics,27,2000,2009,9,0.123584,0.876416
physics,27,2000,2010,10,0.110462,0.889538
physics,27,2000,2011,11,0.0,1.0
physics,27,2000,2012,12,0.0,1.0
physics,27,2000,2013,13,0.0,1.0
physics,27,2000,2014,14,0.170284,0.829716
physics,27,2000,2015,15,0.170284,0.829716
physics,27,2000,2016,16,0.125284,0.874716
physics,27,2000,2017,17,0.174788,0.825212
physics,27,2000,2018,18,0.219788,0.780212
physics,27,2000,2019,19,0.219788,0.780212
physics,27,2000,2020,20,0.219788,0.780212
physics,27,2000,2021,21,0.219788,0.780212
physics,27,2000,2022,22,0.219788,0.780212
physics,27,2000,2023,23,0.125284,0.874716
physics,27,2000,2024,24,0.098284,0.901716
physics,27,2000,2025,25,0.049504,0.950496
physics,28,2000,2000,0,1.0,0.0
physics,28,2000,2001,1,0.397105,0.602895
physics,28,2000,2002,2,0.280747,0.719253
physics,28,2000,2003,3,0.066937,0.933063
physics,28,2000,2004,4,0.379754,0.620246
physics,28,2000,2005,5,0.237221,0.762779
physics,28,2000,2006,6,0.348109,0.651891
physics,28,2000,2007,7,0.110462,0.889538
physics,28,2000,2008,8,0.167558,0.832442
physics,28,2000,2009,9,0.230055,0.769945
physics,28,2000,2010,10,0.057096,0.942904
physics,28,2000,2011,11,0.137155,0.862845
physics,28,2000,2012,12,0.095838,0.904162
physics,28,2000,2013,13,0.057096,0.942904
physics,28,2000,2014,14,0.114191,0.885809
physics,28,2000,2015,15,0.106599,0.893401
physics,28,2000,2016,16,0.124033,0.875967
physics,28,2000,2017,17,0.15538,0.84462
physics,28,2000,2018,18,0.057096,0.942904
physics,28,2000,2019,19,0.0,1.0
physics,28,2000,2020,20,0.0,1.0
physics,28,2000,2021,21,0.038742,0.961258
physics,28,2000,2022,22,0.066937,0.933063
physics,28,2000,2023,23,0.125284,0.874716
physics,28,2000,2024,24,0.125284,0.874716
physics,28,2000,2025,25,0.080059,0.919941
physics,29,2000,2000,0,1.0,0.0
physics,29,2000,2001,1,0.350084,0.649916
physics,29,2000,2002,2,0.235747,0.764253
physics,29,2000,2003,3,0.360595,0.639405
physics,29,2000,2004,4,0.246293,0.753707
physics,29,2000,2005,5,0.371073,0.628927
physics,29,2000,2006,6,0.265842,0.734158
physics,29,2000,2007,7,0.249825,0.750175
physics,29,2000,2008,8,0.150124,0.849876
physics,29,2000,2009,9,0.251021,0.748979
physics,29,2000,2010,10,0.088246,0.911754
physics,29,2000,2011,11,0.049504,0.950496
physics,29,2000,2012,12,0.049504,0.950496
physics,29,2000,2013,13,0.0,1.0
physics,29,2000,2014,14,0.0,1.0
physics,29,2000,2015,15,0.0,1.0
physics,29,2000,2016,16,0.0,1.0
physics,29,2000,2017,17,0.0,1.0
physics,29,2000,2018,18,0.0,1.0
physics,29,2000,2019,19,0.0,1.0
physics,29,2000,2020,20,0.0,1.0
physics,29,2000,2021,21,0.0,1.0
physics,29,2000,2022,22,0.0,1.0
physics,29,2000,2023,23,0.0,1.0
physics,29,2000,2024,24,0.0,1.0
physics,29,2000,2025,25,0.0,1.0
physics,30,2000,2000,0,1.0,0.0
physics,30,2000,2001,1,0.317506,0.682494
physics,30,2000,2002,2,0.443356,0.556644
physics,30,2000,2003,3,0.712389,0.287611
physics,30,2000,2004,4,0.247617,0.752383
physics,30,2000,2005,5,0.326387,0.673613
physics,30,2000,2006,6,0.317281,0.682719
physics,30,2000,2007,7,0.098284,0.901716
physics,30,2000,2008,8,0.173088,0.826912
physics,30,2000,2009,9,0.106599,0.893401
physics,30,2000,2010,10,0.116441,0.883559
physics,30,2000,2011,11,0.049504,0.950496
physics,30,2000,2012,12,0.057096,0.942904
physics,30,2000,2013,13,0.0,1.0
physics,30,2000,2014,14,0.0,1.0
physics,30,2000,2015,15,0.0,1.0
physics,30,2000,2016,16,0.0,1.0
physics,30,2000,2017,17,0.0,1.0
physics,30,2000,2018,18,0.0,1.0
physics,30,2000,2019,19,0.0,1.0
physics,30,2000,2020,20,0.0,1.0
physics,30,2000,2021,21,0.0,1.0
physics,30,2000,2022,22,0.0,1.0
physics,30,2000,2023,23,0.0,1.0
physics,30,2000,2024,24,0.043525,0.956475
physics,30,2000,2025,25,0.043525,0.956475
physics,31,2000,2000,0,1.0,0.0
physics,31,2000,2001,1,0.275409,0.724591
physics,31,2000,2002,2,0.398356,0.601644
physics,31,2000,2003,3,0.25825,0.74175
physics,31,2000,2004,4,0.397105,0.602895
physics,31,2000,2005,5,0.254847,0.745153
physics,31,2000,2006,6,0.280747,0.719253
physics,31,2000,2007,7,0.18653,0.81347
physics,31,2000,2008,8,0.214725,0.785275
physics,31,2000,2009,9,0.110462,0.889538
physics,31,2000,2010,10,0.0,1.0
physics,31,2000,2011,11,0.0,1.0
physics,31,2000,2012,12,0.043525,0.956475
physics,31,2000,2013,13,0.0,1.0
physics,31,2000,2014,14,0.080059,0.919941
physics,31,2000,2015,15,0.123584,0.876416
physics,31,2000,2016,16,0.22738,0.77262
physics,31,2000,2017,17,0.170284,0.829716
physics,31,2000,2018,18,0.268568,0.731432
physics,31,2000,2019,19,0.170284,0.829716
physics,31,2000,2020,20,0.170284,0.829716
physics,31,2000,2021,21,0.098284,0.901716
physics,31,2000,2022,22,0.0,1.0
physics,31,2000,2023,23,0.0,1.0
physics,31,2000,2024,24,0.0,1.0
physics,31,2000,2025,25,0.0,1.0
physics,32,2000,2000,0,1.0,0.0
physics,32,2000,2001,1,0.47612,0.52388
physics,32,2000,2002,2,0.268568,0.731432
physics,32,2000,2003,3,0.418649,0.581351
physics,32,2000,2004,4,0.405723,0.594277
physics,32,2000,2005,5,0.18653,0.81347
physics,32,2000,2006,6,0.405527,0.594473
physics,32,2000,2007,7,0.155183,0.844817
physics,32,2000,2008,8,0.217086,0.782914
physics,32,2000,2009,9,0.223568,0.776432
physics,32,2000,2010,10,0.098284,0.901716
physics,32,2000,2011,11,0.223568,0.776432
physics,32,2000,2012,12,0.0,1.0
physics,32,2000,2013,13,0.049504,0.950496
physics,32,2000,2014,14,0.057096,0.942904
physics,32,2000,2015,15,0.18238,0.81762
physics,32,2000,2016,16,0.18238,0.81762
physics,32,2000,2017,17,0.18238,0.81762
physics,32,2000,2018,18,0.18238,0.81762
physics,32,2000,2019,19,0.175897,0.824103
physics,32,2000,2020,20,0.231884,0.768116
physics,32,2000,2021,21,0.294317,0.705683
physics,32,2000,2022,22,0.337221,0.662779
physics,32,2000,2023,23,0.237221,0.762779
physics,32,2000,2024,24,0.080059,0.919941
physics,32,2000,2025,25,0.098284,0.901716
physics,33,2000,2000,0,1.0,0.0
physics,33,2000,2001,1,0.376584,0.623416
physics,33,2000,2002,2,0.219788,0.780212
physics,33,2000,2003,3,0.25853,0.74147
physics,33,2000,2004,4,0.398131,0.601869
physics,33,2000,2005,5,0.098284,0.901716
physics,33,2000,2006,6,0.335506,0.664494
physics,33,2000,2007,7,0.202437,0.797563
physics,33,2000,2008,8,0.280467,0.719533
physics,33,2000,2009,9,0.049504,0.950496
physics,33,2000,2010,10,0.049504,0.950496
physics,33,2000,2011,11,0.125284,0.874716
physics,33,2000,2012,12,0.0,1.0
physics,33,2000,2013,13,0.066937,0.933063
physics,33,2000,2014,14,0.0,1.0
physics,33,2000,2015,15,0.0,1.0
physics,33,2000,2016,16,0.049504,0.950496
physics,33,2000,2017,17,0.0,1.0
physics,33,2000,2018,18,0.066937,0.933063
physics,33,2000,2019,19,0.043525,0.956475
physics,33,2000,2020,20,0.0,1.0
physics,33,2000,2021,21,0.0,1.0
physics,33,2000,2022,22,0.0,1.0
physics,33,2000,2023,23,0.0,1.0
physics,33,2000,2024,24,0.0,1.0
physics,33,2000,2025,25,0.0,1.0
physics,34,2000,2000,0,1.0,0.0
physics,34,2000,2001,1,0.526088,0.473912
physics,34,2000,2002,2,0.370905,0.629095
physics,34,2000,2003,3,0.359151,0.640849
physics,34,2000,2004,4,0.519314,0.480686
physics,34,2000,2005,5,0.211083,0.788917
physics,34,2000,2006,6,0.318014,0.681986
physics,34,2000,2007,7,0.219293,0.780707
physics,34,2000,2008,8,0.346693,0.653307
physics,34,2000,2009,9,0.180551,0.819449
physics,34,2000,2010,10,0.175897,0.824103
physics,34,2000,2011,11,0.038742,0.961258
physics,34,2000,2012,12,0.038742,0.961258
physics,34,2000,2013,13,0.0,1.0
physics,34,2000,2014,14,0.0,1.0
physics,34,2000,2015,15,0.0,1.0
physics,34,2000,2016,16,0.0,1.0
physics,34,2000,2017,17,0.0,1.0
physics,34,2000,2018,18,0.0,1.0
physics,34,2000,2019,19,0.0,1.0
physics,34,2000,2020,20,0.0,1.0
physics,34,2000,2021,21,0.0,1.0
physics,34,2000,2022,22,0.0,1.0
physics,34,2000,2023,23,0.0,1.0
physics,34,2000,2024,24,0.0,1.0
physics,34,2000,2025,25,0.0,1.0
physics,35,2000,2000,0,1.0,0.0
physics,35,2000,2001,1,0.488597,0.511403
physics,35,2000,2002,2,0.139363,0.860637
physics,35,2000,2003,3,0.250343,0.749657
physics,35,2000,2004,4,0.123584,0.876416
physics,35,2000,2005,5,0.352664,0.647336
physics,35,2000,2006,6,0.265798,0.734202
physics,35,2000,2007,7,0.209622,0.790378
physics,35,2000,2008,8,0.18238,0.81762
physics,35,2000,2009,9,0.057096,0.942904
physics,35,2000,2010,10,0.313809,0.686191
physics,35,2000,2011,11,0.270284,0.729716
physics,35,2000,2012,12,0.319788,0.680212
physics,35,2000,2013,13,0.270284,0.729716
physics,35,2000,2014,14,0.319788,0.680212
physics,35,2000,2015,15,0.270284,0.729716
physics,35,2000,2016,16,0.270284,0.729716
physics,35,2000,2017,17,0.0,1.0
physics,35,2000,2018,18,0.0,1.0
physics,35,2000,2019,19,0.0,1.0
physics,35,2000,2020,20,0.0,1.0
physics,35,2000,2021,21,0.0,1.0
physics,35,2000,2022,22,0.0,1.0
physics,35,2000,2023,23,0.0,1.0
physics,35,2000,2024,24,0.0,1.0
physics,35,2000,2025,25,0.0,1.0
physics,36,2000,2000,0,1.0,0.0
physics,36,2000,2001,1,0.20722,0.79278
physics,36,2000,2002,2,0.057096,0.942904
physics,36,2000,2003,3,0.204092,0.795908
physics,36,2000,2004,4,0.270284,0.729716
physics,36,2000,2005,5,0.098284,0.901716
physics,36,2000,2006,6,0.394317,0.605683
physics,36,2000,2007,7,0.167558,0.832442
physics,36,2000,2008,8,0.250343,0.749657
physics,36,2000,2009,9,0.186659,0.813341
physics,36,2000,2010,10,0.123584,0.876416
physics,36,2000,2011,11,0.174788,0.825212
physics,36,2000,2012,12,0.174788,0.825212
physics,36,2000,2013,13,0.125284,0.874716
physics,36,2000,2014,14,0.164026,0.835974
physics,36,2000,2015,15,0.125284,0.874716
physics,36,2000,2016,16,0.105679,0.894321
physics,36,2000,2017,17,0.038742,0.961258
physics,36,2000,2018,18,0.0,1.0
physics,36,2000,2019,19,0.043525,0.956475
physics,36,2000,2020,20,0.129563,0.870437
physics,36,2000,2021,21,0.21353,0.78647
physics,36,2000,2022,22,0.257055,0.742945
physics,36,2000,2023,23,0.274489,0.725511
physics,36,2000,2024,24,0.155183,0.844817
physics,36,2000,2025,25,0.105679,0.894321
physics,37,2000,2000,0,1.0,0.0
physics,37,2000,2001,1,0.18068,0.81932
physics,37,2000,2002,2,0.283001,0.716999
physics,37,2000,2003,3,0.317281,0.682719
physics,37,2000,2004,4,0.21353,0.78647
physics,37,2000,2005,5,0.412094,0.587906
physics,37,2000,2006,6,0.337221,0.662779
physics,37,2000,2007,7,0.066937,0.933063
physics,37,2000,2008,8,0.0,1.0
physics,37,2000,2009,9,0.0,1.0
physics,37,2000,2010,10,0.049504,0.950496
physics,37,2000,2011,11,0.0,1.0
physics,37,2000,2012,12,0.0,1.0
physics,37,2000,2013,13,0.0,1.0
physics,37,2000,2014,14,0.0,1.0
physics,37,2000,2015,15,0.0,1.0
physics,37,2000,2016,16,0.0,1.0
physics,37,2000,2017,17,0.0,1.0
physics,37,2000,2018,18,0.0,1.0
physics,37,2000,2019,19,0.0,1.0
physics,37,2000,2020,20,0.0,1.0
physics,37,2000,2021,21,0.0,1.0
physics,37,2000,2022,22,0.0,1.0
physics,37,2000,2023,23,0.0,1.0
physics,37,2000,2024,24,0.0,1.0
physics,37,2000,2025,25,0.0,1.0
physics,38,2000,2000,0,1.0,0.0
physics,38,2000,2001,1,0.557895,0.442105
physics,38,2000,2002,2,0.352664,0.647336
physics,38,2000,2003,3,0.125284,0.874716
physics,38,2000,2004,4,0.350343,0.649657
physics,38,2000,2005,5,0.118801,0.881199
physics,38,2000,2006,6,0.304351,0.695649
physics,38,2000,2007,7,0.337221,0.662779
physics,38,2000,2008,8,0.293869,0.706131
physics,38,2000,2009,9,0.057096,0.942904
physics,38,2000,2010,10,0.088246,0.911754
physics,38,2000,2011,11,0.106599,0.893401
physics,38,2000,2012,12,0.0,1.0
physics,38,2000,2013,13,0.0,1.0
physics,38,2000,2014,14,0.049504,0.950496
physics,38,2000,2015,15,0.049504,0.950496
physics,38,2000,2016,16,0.049504,0.950496
physics,38,2000,2017,17,0.0,1.0
physics,38,2000,2018,18,0.0,1.0
physics,38,2000,2019,19,0.0,1.0
physics,38,2000,2020,20,0.0,1.0
physics,38,2000,2021,21,0.0,1.0
physics,38,2000,2022,22,0.0,1.0
physics,38,2000,2023,23,0.0,1.0
physics,38,2000,2024,24,0.0,1.0
physics,38,2000,2025,25,0.0,1.0
physics,39,2000,2000,0,1.0,0.0
physics,39,2000,2001,1,0.342346,0.657654
physics,39,2000,2002,2,0.280664,0.719336
physics,39,2000,2003,3,0.202768,0.797232
physics,39,2000,2004,4,0.305836,0.694164
physics,39,2000,2005,5,0.359618,0.640382
physics,39,2000,2006,6,0.328468,0.671532
physics,39,2000,2007,7,0.279559,0.720441
physics,39,2000,2008,8,0.149204,0.850796
physics,39,2000,2009,9,0.188867,0.811133
physics,39,2000,2010,10,0.049504,0.950496
physics,39,2000,2011,11,0.0,1.0
physics,39,2000,2012,12,0.0,1.0
physics,39,2000,2013,13,0.038742,0.961258
physics,39,2000,2014,14,0.038742,0.961258
physics,39,2000,2015,15,0.038742,0.961258
physics,39,2000,2016,16,0.0,1.0
physics,39,2000,2017,17,0.0,1.0
physics,39,2000,2018,18,0.0,1.0
physics,39,2000,2019,19,0.0,1.0
physics,39,2000,2020,20,0.0,1.0
physics,39,2000,2021,21,0.0,1.0
physics,39,2000,2022,22,0.0,1.0
physics,39,2000,2023,23,0.0,1.0
physics,39,2000,2024,24,0.0,1.0
physics,39,2000,2025,25,0.0,1.0
physics,40,2000,2000,0,1.0,0.0
physics,40,2000,2001,1,0.304584,0.695416
physics,40,2000,2002,2,0.264647,0.735353
physics,40,2000,2003,3,0.262311,0.737689
physics,40,2000,2004,4,0.18238,0.81762
physics,40,2000,2005,5,0.141809,0.858191
physics,40,2000,2006,6,0.252272,0.747728
physics,40,2000,2007,7,0.162326,0.837674
physics,40,2000,2008,8,0.123584,0.876416
physics,40,2000,2009,9,0.095838,0.904162
physics,40,2000,2010,10,0.0,1.0
physics,40,2000,2011,11,0.0,1.0
physics,40,2000,2012,12,0.0,1.0
physics,40,2000,2013,13,0.098284,0.901716
physics,40,2000,2014,14,0.0,1.0
physics,40,2000,2015,15,0.0,1.0
physics,40,2000,2016,16,0.043525,0.956475
physics,40,2000,2017,17,0.0,1.0
physics,40,2000,2018,18,0.0,1.0
physics,40,2000,2019,19,0.0,1.0
physics,40,2000,2020,20,0.0,1.0
physics,40,2000,2021,21,0.0,1.0
physics,40,2000,2022,22,0.057096,0.942904
physics,40,2000,2023,23,0.098284,0.901716
physics,40,2000,2024,24,0.098284,0.901716
physics,40,2000,2025,25,0.066937,0.933063
physics,41,2000,2000,0,1.0,0.0
physics,41,2000,2001,1,0.129563,0.870437
physics,41,2000,2002,2,0.335506,0.664494
physics,41,2000,2003,3,0.394317,0.605683
physics,41,2000,2004,4,0.48609,0.51391
physics,41,2000,2005,5,0.617968,0.382032
physics,41,2000,2006,6,0.293869,0.706131
physics,41,2000,2007,7,0.329376,0.670624
physics,41,2000,2008,8,0.162775,0.837225
physics,41,2000,2009,9,0.080059,0.919941
physics,41,2000,2010,10,0.242834,0.757166
physics,41,2000,2011,11,0.038742,0.961258
physics,41,2000,2012,12,0.043525,0.956475
physics,41,2000,2013,13,0.082267,0.917733
physics,41,2000,2014,14,0.141809,0.858191
physics,41,2000,2015,15,0.0,1.0
physics,41,2000,2016,16,0.0,1.0
physics,41,2000,2017,17,0.0,1.0
physics,41,2000,2018,18,0.0,1.0
physics,41,2000,2019,19,0.0,1.0
physics,41,2000,2020,20,0.0,1.0
physics,41,2000,2021,21,0.0,1.0
physics,41,2000,2022,22,0.0,1.0
physics,41,2000,2023,23,0.0,1.0
physics,41,2000,2024,24,0.0,1.0
physics,41,2000,2025,25,0.043525,0.956475
physics,42,2000,2000,0,1.0,0.0
physics,42,2000,2001,1,0.458231,0.541769
physics,42,2000,2002,2,0.168809,0.831191
physics,42,2000,2003,3,0.395568,0.604432
physics,42,2000,2004,4,0.35853,0.64147
physics,42,2000,2005,5,0.110462,0.889538
physics,42,2000,2006,6,0.427828,0.572172
physics,42,2000,2007,7,0.125792,0.874208
physics,42,2000,2008,8,0.110462,0.889538
physics,42,2000,2009,9,0.213809,0.786191
physics,42,2000,2010,10,0.123584,0.876416
physics,42,2000,2011,11,0.123584,0.876416
physics,42,2000,2012,12,0.098284,0.901716
physics,42,2000,2013,13,0.205343,0.794657
physics,42,2000,2014,14,0.237221,0.762779
physics,42,2000,2015,15,0.125284,0.874716
physics,42,2000,2016,16,0.125284,0.874716
physics,42,2000,2017,17,0.0,1.0
physics,42,2000,2018,18,0.0,1.0
physics,42,2000,2019,19,0.0,1.0
physics,42,2000,2020,20,0.043525,0.956475
physics,42,2000,2021,21,0.043525,0.956475
physics,42,2000,2022,22,0.043525,0.956475
physics,42,2000,2023,23,0.0,1.0
physics,42,2000,2024,24,0.0,1.0
physics,42,2000,2025,25,0.0,1.0
physics,43,2000,2000,0,1.0,0.0
physics,43,2000,2001,1,0.293589,0.706411
physics,43,2000,2002,2,0.508655,0.491345
physics,43,2000,2003,3,0.519153,0.480847
physics,43,2000,2004,4,0.131771,0.868229
physics,43,2000,2005,5,0.399973,0.600027
physics,43,2000,2006,6,0.434311,0.565689
physics,43,2000,2007,7,0.240025,0.759975
physics,43,2000,2008,8,0.180551,0.819449
physics,43,2000,2009,9,0.082267,0.917733
physics,43,2000,2010,10,0.043525,0.956475
physics,43,2000,2011,11,0.057096,0.942904
physics,43,2000,2012,12,0.098284,0.901716
physics,43,2000,2013,13,0.0,1.0
physics,43,2000,2014,14,0.098284,0.901716
physics,43,2000,2015,15,0.098284,0.901716
physics,43,2000,2016,16,0.098284,0.901716
physics,43,2000,2017,17,0.098284,0.901716
physics,43,2000,2018,18,0.098284,0.901716
physics,43,2000,2019,19,0.098284,0.901716
physics,43,2000,2020,20,0.098284,0.901716
physics,43,2000,2021,21,0.098284,0.901716
physics,43,2000,2022,22,0.049504,0.950496
physics,43,2000,2023,23,0.0,1.0
physics,43,2000,2024,24,0.0,1.0
physics,43,2000,2025,25,0.0,1.0
physics,44,2000,2000,0,1.0,0.0
physics,44,2000,2001,1,0.245281,0.754719
physics,44,2000,2002,2,0.34237,0.65763
physics,44,2000,2003,3,0.125284,0.874716
physics,44,2000,2004,4,0.280664,0.719336
physics,44,2000,2005,5,0.292842,0.707158
physics,44,2000,2006,6,0.241725,0.758275
physics,44,2000,2007,7,0.178343,0.821657
physics,44,2000,2008,8,0.303628,0.696372
physics,44,2000,2009,9,0.066937,0.933063
physics,44,2000,2010,10,0.066937,0.933063
physics,44,2000,2011,11,0.0,1.0
physics,44,2000,2012,12,0.0,1.0
physics,44,2000,2013,13,0.0,1.0
physics,44,2000,2014,14,0.0,1.0
physics,44,2000,2015,15,0.057096,0.942904
physics,44,2000,2016,16,0.057096,0.942904
physics,44,2000,2017,17,0.057096,0.942904
physics,44,2000,2018,18,0.100621,0.899379
physics,44,2000,2019,19,0.049504,0.950496
physics,44,2000,2020,20,0.057096,0.942904
physics,44,2000,2021,21,0.057096,0.942904
physics,44,2000,2022,22,0.106599,0.893401
physics,44,2000,2023,23,0.181129,0.818871
physics,44,2000,2024,24,0.137155,0.862845
physics,44,2000,2025,25,0.137155,0.862845
physics,45,2000,2000,0,1.0,0.0
physics,45,2000,2001,1,0.329376,0.670624
physics,45,2000,2002,2,0.377836,0.622164
physics,45,2000,2003,3,0.2063,0.7937
physics,45,2000,2004,4,0.485654,0.514346
physics,45,2000,2005,5,0.422429,0.577571
physics,45,2000,2006,6,0.251076,0.748924
physics,45,2000,2007,7,0.18653,0.81347
physics,45,2000,2008,8,0.381088,0.618912
physics,45,2000,2009,9,0.082267,0.917733
physics,45,2000,2010,10,0.080059,0.919941
physics,45,2000,2011,11,0.049504,0.950496
physics,45,2000,2012,12,0.0,1.0
physics,45,2000,2013,13,0.0,1.0
physics,45,2000,2014,14,0.0,1.0
physics,45,2000,2015,15,0.0,1.0
physics,45,2000,2016,16,0.043525,0.956475
physics,45,2000,2017,17,0.043525,0.956475
physics,45,2000,2018,18,0.043525,0.956475
physics,45,2000,2019,19,0.043525,0.956475
physics,45,2000,2020,20,0.043525,0.956475
physics,45,2000,2021,21,0.043525,0.956475
physics,45,2000,2022,22,0.0,1.0
physics,45,2000,2023,23,0.0,1.0
physics,45,2000,2024,24,0.0,1.0
physics,45,2000,2025,25,0.0,1.0
physics,46,2000,2000,0,1.0,0.0
physics,46,2000,2001,1,0.235439,0.764561
physics,46,2000,2002,2,0.162775,0.837225
physics,46,2000,2003,3,0.213809,0.786191
physics,46,2000,2004,4,0.137026,0.862974
physics,46,2000,2005,5,0.350836,0.649164
physics,46,2000,2006,6,0.251218,0.748782
physics,46,2000,2007,7,0.203964,0.796036
physics,46,2000,2008,8,0.201068,0.798932
physics,46,2000,2009,9,0.168809,0.831191
physics,46,2000,2010,10,0.208747,0.791253
physics,46,2000,2011,11,0.0,1.0
physics,46,2000,2012,12,0.0,1.0
physics,46,2000,2013,13,0.0,1.0
physics,46,2000,2014,14,0.0,1.0
physics,46,2000,2015,15,0.0,1.0
physics,46,2000,2016,16,0.043525,0.956475
physics,46,2000,2017,17,0.18238,0.81762
physics,46,2000,2018,18,0.179067,0.820933
physics,46,2000,2019,19,0.150124,0.849876
physics,46,2000,2020,20,0.129563,0.870437
physics,46,2000,2021,21,0.147788,0.852212
physics,46,2000,2022,22,0.137026,0.862974
physics,46,2000,2023,23,0.137026,0.862974
physics,46,2000,2024,24,0.098284,0.901716
physics,46,2000,2025,25,0.098284,0.901716
physics,47,2000,2000,0,1.0,0.0
physics,47,2000,2001,1,0.366743,0.633257
physics,47,2000,2002,2,0.226903,0.773097
physics,47,2000,2003,3,0.198708,0.801292
physics,47,2000,2004,4,0.418649,0.581351
physics,47,2000,2005,5,0.245042,0.754958
physics,47,2000,2006,6,0.289311,0.710689
physics,47,2000,2007,7,0.098284,0.901716
physics,47,2000,2008,8,0.237776,0.762224
physics,47,2000,2009,9,0.080059,0.919941
physics,47,2000,2010,10,0.294317,0.705683
physics,47,2000,2011,11,0.147788,0.852212
physics,47,2000,2012,12,0.080059,0.919941
physics,47,2000,2013,13,0.0,1.0
physics,47,2000,2014,14,0.125284,0.874716
physics,47,2000,2015,15,0.241725,0.758275
physics,47,2000,2016,16,0.125284,0.874716
physics,47,2000,2017,17,0.125284,0.874716
physics,47,2000,2018,18,0.125284,0.874716
physics,47,2000,2019,19,0.098284,0.901716
physics,47,2000,2020,20,0.0,1.0
physics,47,2000,2021,21,0.0,1.0
physics,47,2000,2022,22,0.0,1.0
physics,47,2000,2023,23,0.0,1.0
physics,47,2000,2024,24,0.0,1.0
physics,47,2000,2025,25,0.0,1.0
physics,48,2000,2000,0,1.0,0.0
physics,48,2000,2001,1,0.385895,0.614105
physics,48,2000,2002,2,0.473775,0.526225
physics,48,2000,2003,3,0.454436,0.545564
physics,48,2000,2004,4,0.531344,0.468656
physics,48,2000,2005,5,0.198905,0.801095
physics,48,2000,2006,6,0.207551,0.792449
physics,48,2000,2007,7,0.137155,0.862845
physics,48,2000,2008,8,0.346693,0.653307
physics,48,2000,2009,9,0.131771,0.868229
physics,48,2000,2010,10,0.137026,0.862974
physics,48,2000,2011,11,0.098284,0.901716
physics,48,2000,2012,12,0.043525,0.956475
physics,48,2000,2013,13,0.100621,0.899379
physics,48,2000,2014,14,0.100621,0.899379
physics,48,2000,2015,15,0.100621,0.899379
physics,48,2000,2016,16,0.100621,0.899379
physics,48,2000,2017,17,0.100621,0.899379
physics,48,2000,2018,18,0.057096,0.942904
physics,48,2000,2019,19,0.057096,0.942904
physics,48,2000,2020,20,0.057096,0.942904
physics,48,2000,2021,21,0.0,1.0
physics,48,2000,2022,22,0.0,1.0
physics,48,2000,2023,23,0.057096,0.942904
physics,48,2000,2024,24,0.098284,0.901716
physics,48,2000,2025,25,0.080059,0.919941
physics,49,2000,2000,0,1.0,0.0
physics,49,2000,2001,1,0.320409,0.679591
physics,49,2000,2002,2,0.15538,0.84462
physics,49,2000,2003,3,0.139363,0.860637
physics,49,2000,2004,4,0.124033,0.875967
physics,49,2000,2005,5,0.139363,0.860637
physics,49,2000,2006,6,0.41391,0.58609
physics,49,2000,2007,7,0.106599,0.893401
physics,49,2000,2008,8,0.20722,0.79278
physics,49,2000,2009,9,0.0,1.0
physics,49,2000,2010,10,0.0,1.0
physics,49,2000,2011,11,0.0,1.0
physics,49,2000,2012,12,0.0,1.0
physics,49,2000,2013,13,0.057096,0.942904
physics,49,2000,2014,14,0.066937,0.933063
physics,49,2000,2015,15,0.0,1.0
physics,49,2000,2016,16,0.0,1.0
physics,49,2000,2017,17,0.038742,0.961258
physics,49,2000,2018,18,0.095838,0.904162
physics,49,2000,2019,19,0.057096,0.942904
physics,49,2000,2020,20,0.057096,0.942904
physics,49,2000,2021,21,0.057096,0.942904
physics,49,2000,2022,22,0.057096,0.942904
physics,49,2000,2023,23,0.0,1.0
physics,49,2000,2024,24,0.0,1.0
physics,49,2000,2025,25,0.0,1.0
physics,50,2000,2000,0,1.0,0.0
physics,50,2000,2001,1,0.301053,0.698947
physics,50,2000,2002,2,0.203964,0.796036
physics,50,2000,2003,3,0.483814,0.516186
physics,50,2000,2004,4,0.276628,0.723372
physics,50,2000,2005,5,0.309647,0.690353
physics,50,2000,2006,6,0.319406,0.680594
physics,50,2000,2007,7,0.198861,0.801139
physics,50,2000,2008,8,0.080059,0.919941
physics,50,2000,2009,9,0.095838,0.904162
physics,50,2000,2010,10,0.049504,0.950496
physics,50,2000,2011,11,0.0,1.0
physics,50,2000,2012,12,0.0,1.0
physics,50,2000,2013,13,0.066937,0.933063
physics,50,2000,2014,14,0.049504,0.950496
physics,50,2000,2015,15,0.125284,0.874716
physics,50,2000,2016,16,0.057096,0.942904
physics,50,2000,2017,17,0.049504,0.950496
physics,50,2000,2018,18,0.0,1.0
physics,50,2000,2019,19,0.0,1.0
physics,50,2000,2020,20,0.0,1.0
physics,50,2000,2021,21,0.0,1.0
physics,50,2000,2022,22,0.0,1.0
physics,50,2000,2023,23,0.0,1.0
physics,50,2000,2024,24,0.0,1.0
physics,50,2000,2025,25,0.0,1.0
physics,51,2000,2000,0,1.0,0.0
physics,51,2000,2001,1,0.432952,0.567048
physics,51,2000,2002,2,0.47178,0.52822
physics,51,2000,2003,3,0.320409,0.679591
physics,51,2000,2004,4,0.418693,0.581307
physics,51,2000,2005,5,0.375964,0.624036
physics,51,2000,2006,6,0.35853,0.64147
physics,51,2000,2007,7,0.404052,0.595948
physics,51,2000,2008,8,0.310114,0.689886
physics,51,2000,2009,9,0.141809,0.858191
physics,51,2000,2010,10,0.141809,0.858191
physics,51,2000,2011,11,0.141809,0.858191
physics,51,2000,2012,12,0.290506,0.709494
physics,51,2000,2013,13,0.223568,0.776432
physics,51,2000,2014,14,0.170284,0.829716
physics,51,2000,2015,15,0.165221,0.834779
physics,51,2000,2016,16,0.098284,0.901716
physics,51,2000,2017,17,0.098284,0.901716
physics,51,2000,2018,18,0.080059,0.919941
physics,51,2000,2019,19,0.0,1.0
physics,51,2000,2020,20,0.0,1.0
physics,51,2000,2021,21,0.0,1.0
physics,51,2000,2022,22,0.0,1.0
physics,51,2000,2023,23,0.0,1.0
physics,51,2000,2024,24,0.0,1.0
physics,51,2000,2025,25,0.0,1.0
physics,52,2000,2000,0,1.0,0.0
physics,52,2000,2001,1,0.339094,0.660906
physics,52,2000,2002,2,0.360806,0.639194
physics,52,2000,2003,3,0.354548,0.645452
physics,52,2000,2004,4,0.1965,0.8035
physics,52,2000,2005,5,0.245281,0.754719
physics,52,2000,2006,6,0.204092,0.795908
physics,52,2000,2007,7,0.250568,0.749432
physics,52,2000,2008,8,0.274181,0.725819
physics,52,2000,2009,9,0.225905,0.774095
physics,52,2000,2010,10,0.276628,0.723372
physics,52,2000,2011,11,0.160118,0.839882
physics,52,2000,2012,12,0.080059,0.919941
physics,52,2000,2013,13,0.080059,0.919941
physics,52,2000,2014,14,0.080059,0.919941
physics,52,2000,2015,15,0.080059,0.919941
physics,52,2000,2016,16,0.049504,0.950496
physics,52,2000,2017,17,0.080059,0.919941
physics,52,2000,2018,18,0.0,1.0
physics,52,2000,2019,19,0.0,1.0
physics,52,2000,2020,20,0.0,1.0
physics,52,2000,2021,21,0.0,1.0
physics,52,2000,2022,22,0.0,1.0
physics,52,2000,2023,23,0.0,1.0
physics,52,2000,2024,24,0.0,1.0
physics,52,2000,2025,25,0.0,1.0
physics,53,2000,2000,0,1.0,0.0
physics,53,2000,2001,1,0.224654,0.775346
physics,53,2000,2002,2,0.204092,0.795908
physics,53,2000,2003,3,0.312094,0.687906
physics,53,2000,2004,4,0.0,1.0
physics,53,2000,2005,5,0.353662,0.646338
physics,53,2000,2006,6,0.356943,0.643057
physics,53,2000,2007,7,0.049504,0.950496
physics,53,2000,2008,8,0.049504,0.950496
physics,53,2000,2009,9,0.106599,0.893401
physics,53,2000,2010,10,0.049504,0.950496
physics,53,2000,2011,11,0.049504,0.950496
physics,53,2000,2012,12,0.049504,0.950496
physics,53,2000,2013,13,0.0,1.0
physics,53,2000,2014,14,0.0,1.0
physics,53,2000,2015,15,0.0,1.0
physics,53,2000,2016,16,0.098284,0.901716
physics,53,2000,2017,17,0.170284,0.829716
physics,53,2000,2018,18,0.270284,0.729716
physics,53,2000,2019,19,0.178343,0.821657
physics,53,2000,2020,20,0.147788,0.852212
physics,53,2000,2021,21,0.125284,0.874716
physics,53,2000,2022,22,0.125284,0.874716
physics,53,2000,2023,23,0.125284,0.874716
physics,53,2000,2024,24,0.080059,0.919941
physics,53,2000,2025,25,0.080059,0.919941
physics,54,2000,2000,0,1.0,0.0
physics,54,2000,2001,1,0.268568,0.731432
physics,54,2000,2002,2,0.440568,0.559432
physics,54,2000,2003,3,0.246293,0.753707
physics,54,2000,2004,4,0.446248,0.553752
physics,54,2000,2005,5,0.291418,0.708582
physics,54,2000,2006,6,0.544773,0.455227
physics,54,2000,2007,7,0.162326,0.837674
physics,54,2000,2008,8,0.137155,0.862845
physics,54,2000,2009,9,0.038742,0.961258
physics,54,2000,2010,10,0.038742,0.961258
physics,54,2000,2011,11,0.0,1.0
physics,54,2000,2012,12,0.066937,0.933063
physics,54,2000,2013,13,0.0,1.0
physics,54,2000,2014,14,0.0,1.0
physics,54,2000,2015,15,0.0,1.0
physics,54,2000,2016,16,0.0,1.0
physics,54,2000,2017,17,0.0,1.0
physics,54,2000,2018,18,0.0,1.0
physics,54,2000,2019,19,0.0,1.0
physics,54,2000,2020,20,0.0,1.0
physics,54,2000,2021,21,0.125284,0.874716
physics,54,2000,2022,22,0.319788,0.680212
physics,54,2000,2023,23,0.368568,0.631432
physics,54,2000,2024,24,0.165221,0.834779
physics,54,2000,2025,25,0.15538,0.84462
physics,55,2000,2000,0,1.0,0.0
physics,55,2000,2001,1,0.417773,0.582227
physics,55,2000,2002,2,0.603475,0.396525
physics,55,2000,2003,3,0.391406,0.608594
physics,55,2000,2004,4,0.50579,0.49421
physics,55,2000,2005,5,0.508044,0.491956
physics,55,2000,2006,6,0.423948,0.576052
physics,55,2000,2007,7,0.268568,0.731432
physics,55,2000,2008,8,0.356023,0.643977
physics,55,2000,2009,9,0.366784,0.633216
physics,55,2000,2010,10,0.38737,0.61263
physics,55,2000,2011,11,0.348628,0.651372
physics,55,2000,2012,12,0.248869,0.751131
physics,55,2000,2013,13,0.205343,0.794657
physics,55,2000,2014,14,0.287611,0.712389
physics,55,2000,2015,15,0.168809,0.831191
physics,55,2000,2016,16,0.0,1.0
physics,55,2000,2017,17,0.0,1.0
physics,55,2000,2018,18,0.0,1.0
physics,55,2000,2019,19,0.0,1.0
physics,55,2000,2020,20,0.0,1.0
physics,55,2000,2021,21,0.0,1.0
physics,55,2000,2022,22,0.0,1.0
physics,55,2000,2023,23,0.0,1.0
physics,55,2000,2024,24,0.0,1.0
physics,55,2000,2025,25,0.0,1.0
physics,56,2000,2000,0,1.0,0.0
physics,56,2000,2001,1,0.204092,0.795908
physics,56,2000,2002,2,0.252676,0.747324
physics,56,2000,2003,3,0.265842,0.734158
physics,56,2000,2004,4,0.22212,0.77788
physics,56,2000,2005,5,0.275964,0.724036
physics,56,2000,2006,6,0.222317,0.777683
physics,56,2000,2007,7,0.18238,0.81762
physics,56,2000,2008,8,0.294317,0.705683
physics,56,2000,2009,9,0.223568,0.776432
physics,56,2000,2010,10,0.0,1.0
physics,56,2000,2011,11,0.0,1.0
physics,56,2000,2012,12,0.066937,0.933063
physics,56,2000,2013,13,0.066937,0.933063
physics,56,2000,2014,14,0.066937,0.933063
physics,56,2000,2015,15,0.066937,0.933063
physics,56,2000,2016,16,0.133874,0.866126
physics,56,2000,2017,17,0.170284,0.829716
physics,56,2000,2018,18,0.170284,0.829716
physics,56,2000,2019,19,0.170284,0.829716
physics,56,2000,2020,20,0.170284,0.829716
physics,56,2000,2021,21,0.170284,0.829716
physics,56,2000,2022,22,0.125284,0.874716
physics,56,2000,2023,23,0.125284,0.874716
physics,56,2000,2024,24,0.170284,0.829716
physics,56,2000,2025,25,0.170284,0.829716
physics,57,2000,2000,0,1.0,0.0
physics,57,2000,2001,1,0.121009,0.878991
physics,57,2000,2002,2,0.15538,0.84462
physics,57,2000,2003,3,0.133874,0.866126
physics,57,2000,2004,4,0.155183,0.844817
physics,57,2000,2005,5,0.196568,0.803432
physics,57,2000,2006,6,0.137026,0.862974
physics,57,2000,2007,7,0.165221,0.834779
physics,57,2000,2008,8,0.147788,0.852212
physics,57,2000,2009,9,0.066937,0.933063
physics,57,2000,2010,10,0.088246,0.911754
physics,57,2000,2011,11,0.0,1.0
physics,57,2000,2012,12,0.0,1.0
physics,57,2000,2013,13,0.0,1.0
physics,57,2000,2014,14,0.0,1.0
physics,57,2000,2015,15,0.0,1.0
physics,57,2000,2016,16,0.0,1.0
physics,57,2000,2017,17,0.0,1.0
physics,57,2000,2018,18,0.038742,0.961258
physics,57,2000,2019,19,0.038742,0.961258
physics,57,2000,2020,20,0.038742,0.961258
physics,57,2000,2021,21,0.038742,0.961258
physics,57,2000,2022,22,0.038742,0.961258
physics,57,2000,2023,23,0.0,1.0
physics,57,2000,2024,24,0.0,1.0
physics,57,2000,2025,25,0.0,1.0
physics,58,2000,2000,0,1.0,0.0
physics,58,2000,2001,1,0.337114,0.662886
physics,58,2000,2002,2,0.088246,0.911754
physics,58,2000,2003,3,0.380747,0.619253
physics,58,2000,2004,4,0.106599,0.893401
physics,58,2000,2005,5,0.156103,0.843897
physics,58,2000,2006,6,0.376136,0.623864
physics,58,2000,2007,7,0.162775,0.837225
physics,58,2000,2008,8,0.049504,0.950496
physics,58,2000,2009,9,0.095838,0.904162
physics,58,2000,2010,10,0.124033,0.875967
physics,58,2000,2011,11,0.057096,0.942904
physics,58,2000,2012,12,0.0,1.0
physics,58,2000,2013,13,0.049504,0.950496
physics,58,2000,2014,14,0.165221,0.834779
physics,58,2000,2015,15,0.219788,0.780212
physics,58,2000,2016,16,0.170284,0.829716
physics,58,2000,2017,17,0.080059,0.919941
physics,58,2000,2018,18,0.0,1.0
physics,58,2000,2019,19,0.0,1.0
physics,58,2000,2020,20,0.0,1.0
physics,58,2000,2021,21,0.0,1.0
physics,58,2000,2022,22,0.0,1.0
physics,58,2000,2023,23,0.0,1.0
physics,58,2000,2024,24,0.0,1.0
physics,58,2000,2025,25,0.0,1.0
physics,59,2000,2000,0,1.0,0.0
physics,59,2000,2001,1,0.262311,0.737689
physics,59,2000,2002,2,0.442901,0.557099
physics,59,2000,2003,3,0.323992,0.676008
physics,59,2000,2004,4,0.302248,0.697752
physics,59,2000,2005,5,0.368119,0.631881
physics,59,2000,2006,6,0.311023,0.688977
physics,59,2000,2007,7,0.155183,0.844817
physics,59,2000,2008,8,0.105679,0.894321
physics,59,2000,2009,9,0.124033,0.875967
physics,59,2000,2010,10,0.0,1.0
physics,59,2000,2011,11,0.0,1.0
physics,59,2000,2012,12,0.038742,0.961258
physics,59,2000,2013,13,0.038742,0.961258
physics,59,2000,2014,14,0.038742,0.961258
physics,59,2000,2015,15,0.0,1.0
physics,59,2000,2016,16,0.049504,0.950496
physics,59,2000,2017,17,0.0,1.0
physics,59,2000,2018,18,0.0,1.0
physics,59,2000,2019,19,0.038742,0.961258
physics,59,2000,2020,20,0.038742,0.961258
physics,59,2000,2021,21,0.038742,0.961258
physics,59,2000,2022,22,0.038742,0.961258
physics,59,2000,2023,23,0.038742,0.961258
physics,59,2000,2024,24,0.0,1.0
physics,59,2000,2025,25,0.0,1.0
