subject,year_from,year_to,topic_id,ttc,tts,ttq
math,2000,2001,0,0.417387,0.407931,0.412605
math,2000,2001,1,0.37128,0.374097,0.372684
math,2000,2001,2,0.606022,0.18823,0.287243
math,2000,2001,3,0.285655,0.606931,0.388473
math,2000,2001,4,0.540369,0.274181,0.363781
math,2000,2001,5,0.554758,0.294317,0.384595
math,2000,2001,7,0.520436,0.414346,0.461371
math,2000,2001,8,0.362666,0.330168,0.345655
math,2000,2001,9,0.526262,0.300296,0.382391
math,2000,2001,10,0.357627,0.738666,0.481927
math,2000,2001,11,0.28151,0.719336,0.404659
math,2000,2001,12,0.309595,0.709494,0.431082
math,2000,2001,13,0.180919,0.426088,0.253992
math,2000,2001,15,0.490893,0.535622,0.512283
math,2000,2001,16,0.546992,0.353131,0.429186
math,2000,2001,17,0.338986,0.832442,0.481782
math,2000,2001,18,0.375721,0.502107,0.429816
math,2000,2001,19,0.454521,0.392322,0.421137
math,2000,2001,20,0.527968,0.238673,0.328737
math,2000,2001,21,0.398446,0.387806,0.393054
math,2000,2001,22,0.249402,0.77262,0.377081
math,2000,2001,23,0.503737,0.356023,0.417191
math,2000,2001,24,0.560694,0.274563,0.368619
math,2000,2001,25,0.630403,0.285447,0.392961
math,2000,2001,26,0.596929,0.319406,0.416142
math,2000,2001,27,0.489286,0.386344,0.431763
math,2000,2001,28,0.29539,0.796036,0.430888
math,2000,2001,29,0.329404,0.857468,0.475962
math,2000,2001,30,0.475028,0.323456,0.384856
math,2000,2001,31,0.411899,0.110462,0.174206
math,2000,2001,32,0.326075,0.559432,0.412005
math,2000,2001,33,0.394333,0.598752,0.475504
math,2000,2001,34,0.576912,0.315177,0.407649
math,2000,2001,35,0.416768,0.544466,0.472135
math,2000,2001,36,0.492137,0.216933,0.301129
math,2000,2001,37,0.507997,0.191313,0.277949
math,2000,2001,38,0.207587,0.600534,0.308526
math,2000,2001,39,0.626373,0.340222,0.440942
math,2000,2001,40,0.339172,0.317281,0.327861
math,2000,2001,41,0.352561,0.609928,0.446835
math,2000,2001,42,0.511052,0.367502,0.42755
math,2000,2001,43,0.333803,0.669832,0.445564
math,2000,2001,44,0.353926,0.468977,0.403408
math,2000,2001,45,0.361238,0.340418,0.350519
math,2000,2001,46,0.4099,0.489706,0.446263
math,2000,2001,47,0.263454,0.626947,0.371006
math,2000,2001,48,0.53662,0.437673,0.482122
math,2001,2002,0,0.530576,0.352664,0.423702
math,2001,2002,1,0.347824,0.647449,0.452535
math,2001,2002,2,0.647184,0.129096,0.215254
math,2001,2002,3,0.370407,0.798758,0.506114
math,2001,2002,4,0.601995,0.169033,0.263952
math,2001,2002,5,0.603151,0.271821,0.374753
math,2001,2002,6,0.457162,0.636345,0.532073
math,2001,2002,7,0.590205,0.24271,0.343969
math,2001,2002,8,0.462027,0.195777,0.275019
math,2001,2002,9,0.600365,0.208014,0.308974
math,2001,2002,11,0.452707,0.504315,0.477119
math,2001,2002,12,0.306722,0.849876,0.450763
math,2001,2002,13,0.184589,0.819449,0.301306
math,2001,2002,15,0.590097,0.312783,0.408852
math,2001,2002,16,0.451775,0.323398,0.376956
math,2001,2002,17,0.370527,0.560906,0.446261
math,2001,2002,19,0.498219,0.673869,0.572882
math,2001,2002,20,0.576029,0.289062,0.384949
math,2001,2002,21,0.458792,0.418693,0.437826
math,2001,2002,22,0.328515,0.889538,0.479826
math,2001,2002,23,0.359465,0.661691,0.465854
math,2001,2002,24,0.476794,0.639277,0.546207
math,2001,2002,25,0.641094,0.190805,0.294084
math,2001,2002,26,0.604665,0.288806,0.390904
math,2001,2002,27,0.544237,0.256781,0.34893
math,2001,2002,28,0.38121,0.656628,0.482374
math,2001,2002,29,0.405685,0.734158,0.522593
math,2001,2002,30,0.49454,0.319029,0.387853
math,2001,2002,31,0.282185,0.383534,0.325145
math,2001,2002,32,0.475926,0.403823,0.43692
math,2001,2002,33,0.51906,0.387346,0.443633
math,2001,2002,34,0.551802,0.374376,0.446095
math,2001,2002,35,0.454853,0.400468,0.425931
math,2001,2002,36,0.515597,0.297452,0.37726
math,2001,2002,37,0.443436,0.181011,0.257081
math,2001,2002,38,0.170793,0.875967,0.285852
math,2001,2002,39,0.621456,0.186659,0.287088
math,2001,2002,40,0.358107,0.580511,0.44296
math,2001,2002,41,0.410192,0.600153,0.487315
math,2001,2002,42,0.517973,0.368119,0.430374
math,2001,2002,43,0.318272,0.643186,0.425828
math,2001,2002,44,0.488078,0.420069,0.451527
math,2001,2002,45,0.31244,0.518693,0.389975
math,2001,2002,46,0.448091,0.796036,0.573409
math,2001,2002,47,0.389358,0.550571,0.456139
math,2001,2002,48,0.504468,0.460806,0.481649
math,2002,2003,0,0.528005,0.168809,0.255828
math,2002,2003,1,0.361782,0.56975,0.442551
math,2002,2003,2,0.655952,0.118846,0.201232
math,2002,2003,3,0.350666,0.821657,0.491549
math,2002,2003,4,0.604491,0.066937,0.120528
math,2002,2003,5,0.560268,0.294784,0.386312
math,2002,2003,6,0.546261,0.469852,0.505184
math,2002,2003,7,0.60443,0.092306,0.160153
math,2002,2003,8,0.517242,0.199734,0.288185
math,2002,2003,9,0.601136,0.111855,0.188614
math,2002,2003,11,0.531487,0.501994,0.51632
math,2002,2003,12,0.149404,0.961258,0.258613
math,2002,2003,13,0.168563,0.894321,0.283661
math,2002,2003,14,0.477443,0.173408,0.254413
math,2002,2003,15,0.607397,0.221672,0.324805
math,2002,2003,16,0.394576,0.544381,0.457528
math,2002,2003,17,0.220302,0.809478,0.346346
math,2002,2003,19,0.524984,0.785275,0.629275
math,2002,2003,20,0.620283,0.212857,0.31695
math,2002,2003,21,0.54543,0.341623,0.420113
math,2002,2003,22,0.436255,0.562622,0.491446
math,2002,2003,23,0.397945,0.330168,0.360902
math,2002,2003,25,0.634521,0.205343,0.310276
math,2002,2003,26,0.604643,0.223568,0.326436
math,2002,2003,27,0.537991,0.417773,0.470321
math,2002,2003,28,0.39359,0.893401,0.546443
math,2002,2003,29,0.303581,0.488597,0.374484
math,2002,2003,30,0.527126,0.246788,0.336183
math,2002,2003,31,0.137075,0.724036,0.23051
math,2002,2003,32,0.507741,0.237221,0.323364
math,2002,2003,33,0.588358,0.271309,0.371369
math,2002,2003,34,0.545104,0.217062,0.310487
math,2002,2003,35,0.513779,0.639473,0.569776
math,2002,2003,36,0.537376,0.333806,0.411807
math,2002,2003,37,0.351044,0.506147,0.414563
math,2002,2003,38,0.471073,0.273283,0.3459
math,2002,2003,39,0.620611,0.227847,0.333321
math,2002,2003,40,0.519132,0.273072,0.357889
math,2002,2003,41,0.413263,0.636687,0.501203
math,2002,2003,42,0.553608,0.280747,0.37256
math,2002,2003,43,0.414268,0.222789,0.289752
math,2002,2003,44,0.524199,0.312498,0.391566
math,2002,2003,45,0.3843,0.471466,0.423443
math,2002,2003,46,0.618714,0.483712,0.542947
math,2002,2003,47,0.424414,0.395269,0.409324
math,2002,2003,48,0.456101,0.402914,0.427861
math,2003,2004,0,0.527729,0.202983,0.293194
math,2003,2004,1,0.472007,0.302376,0.368613
math,2003,2004,2,0.65534,0.123117,0.207291
math,2003,2004,3,0.431661,0.669832,0.524997
math,2003,2004,4,0.610946,0.111937,0.189208
math,2003,2004,5,0.55224,0.315346,0.401451
math,2003,2004,6,0.477006,0.471466,0.47422
math,2003,2004,7,0.608538,0.211431,0.313826
math,2003,2004,8,0.548312,0.275409,0.366653
math,2003,2004,9,0.600233,0.116638,0.195321
math,2003,2004,10,0.249606,0.333059,0.285356
math,2003,2004,11,0.5423,0.356826,0.430433
math,2003,2004,12,0.144175,1.0,0.252016
math,2003,2004,13,0.34021,0.450752,0.387756
math,2003,2004,14,0.455685,0.668416,0.541921
math,2003,2004,15,0.591336,0.273154,0.373691
math,2003,2004,16,0.38525,0.386815,0.386031
math,2003,2004,17,0.173834,0.705216,0.278916
math,2003,2004,18,0.37027,0.47704,0.416928
math,2003,2004,19,0.530317,0.478531,0.503095
math,2003,2004,20,0.612985,0.181235,0.279757
math,2003,2004,21,0.58925,0.180043,0.275813
math,2003,2004,22,0.44836,0.30038,0.359747
math,2003,2004,23,0.304724,0.472661,0.370553
math,2003,2004,25,0.632331,0.118887,0.200145
math,2003,2004,26,0.594527,0.238898,0.340838
math,2003,2004,27,0.578481,0.325664,0.416726
math,2003,2004,28,0.484793,0.42704,0.454087
math,2003,2004,30,0.510704,0.290313,0.370189
math,2003,2004,31,0.22534,0.870437,0.358
math,2003,2004,32,0.56604,0.183127,0.276727
math,2003,2004,33,0.588621,0.337114,0.428703
math,2003,2004,34,0.628712,0.195349,0.298081
math,2003,2004,35,0.596663,0.556758,0.57602
math,2003,2004,36,0.608406,0.312094,0.412558
math,2003,2004,37,0.450689,0.528943,0.48669
math,2003,2004,38,0.382203,0.565069,0.455985
math,2003,2004,39,0.641099,0.163578,0.26065
math,2003,2004,40,0.559628,0.313002,0.401464
math,2003,2004,41,0.214395,0.649657,0.322396
math,2003,2004,42,0.525822,0.393348,0.450039
math,2003,2004,43,0.477889,0.278426,0.351855
math,2003,2004,44,0.523597,0.308859,0.388532
math,2003,2004,45,0.407647,0.547336,0.467275
math,2003,2004,46,0.644577,0.380411,0.478453
math,2003,2004,47,0.483981,0.284279,0.358175
math,2003,2004,48,0.546509,0.397121,0.45999
math,2004,2005,0,0.57479,0.196779,0.293186
math,2004,2005,1,0.497717,0.25825,0.340056
math,2004,2005,2,0.648304,0.108299,0.185595
math,2004,2005,3,0.415267,0.684654,0.516972
math,2004,2005,4,0.603232,0.192042,0.291335
math,2004,2005,5,0.566911,0.241809,0.339015
math,2004,2005,6,0.469656,0.45188,0.460597
math,2004,2005,7,0.596529,0.205191,0.305349
math,2004,2005,8,0.53736,0.235287,0.327274
math,2004,2005,9,0.603724,0.119872,0.200028
math,2004,2005,11,0.564162,0.37841,0.452983
math,2004,2005,12,0.338937,0.417901,0.3743
math,2004,2005,13,0.348996,0.572339,0.433597
math,2004,2005,14,0.32592,0.564494,0.413246
math,2004,2005,15,0.618348,0.201154,0.303559
math,2004,2005,16,0.328824,0.39421,0.358561
math,2004,2005,17,0.291043,0.64192,0.400501
math,2004,2005,18,0.375712,0.535791,0.441695
math,2004,2005,19,0.564698,0.325172,0.412699
math,2004,2005,20,0.570003,0.220897,0.318402
math,2004,2005,21,0.5867,0.15446,0.24454
math,2004,2005,22,0.351615,0.469105,0.40195
math,2004,2005,23,0.358761,0.669832,0.467259
math,2004,2005,24,0.299667,0.706131,0.420769
math,2004,2005,25,0.628033,0.230515,0.337246
math,2004,2005,26,0.585934,0.176771,0.271602
math,2004,2005,27,0.601005,0.133471,0.218432
math,2004,2005,28,0.386523,0.706411,0.499653
math,2004,2005,30,0.486766,0.396525,0.437036
math,2004,2005,31,0.084758,0.961258,0.15578
math,2004,2005,32,0.553575,0.280596,0.37242
math,2004,2005,33,0.582064,0.243626,0.343484
math,2004,2005,34,0.649036,0.080379,0.143043
math,2004,2005,35,0.605364,0.385723,0.471205
math,2004,2005,36,0.591865,0.310842,0.407611
math,2004,2005,37,0.339169,0.688977,0.454565
math,2004,2005,38,0.339417,0.487286,0.400127
math,2004,2005,39,0.652847,0.080059,0.142628
math,2004,2005,40,0.546611,0.33195,0.413056
math,2004,2005,41,0.229446,0.690974,0.344497
math,2004,2005,42,0.52076,0.201434,0.290501
math,2004,2005,43,0.49505,0.276935,0.35518
math,2004,2005,44,0.572034,0.392153,0.465314
math,2004,2005,45,0.425585,0.345901,0.381628
math,2004,2005,46,0.661589,0.239027,0.351177
math,2004,2005,47,0.517576,0.141809,0.222623
math,2004,2005,48,0.519056,0.36721,0.430125
math,2005,2006,0,0.527479,0.214725,0.305207
math,2005,2006,1,0.577191,0.10287,0.174619
math,2005,2006,2,0.63412,0.200816,0.305033
math,2005,2006,3,0.453287,0.65442,0.535593
math,2005,2006,4,0.610832,0.028195,0.053902
math,2005,2006,5,0.580028,0.205679,0.303675
math,2005,2006,6,0.510359,0.350836,0.415823
math,2005,2006,7,0.554689,0.202588,0.296782
math,2005,2006,8,0.596502,0.288059,0.388504
math,2005,2006,9,0.608007,0.148292,0.238431
math,2005,2006,11,0.595036,0.26429,0.366012
math,2005,2006,12,0.295332,0.478498,0.365237
math,2005,2006,13,0.48942,0.435847,0.461083
math,2005,2006,14,0.372588,0.421809,0.395674
math,2005,2006,15,0.596765,0.282689,0.383644
math,2005,2006,16,0.309309,0.435847,0.361834
math,2005,2006,17,0.450808,0.620588,0.522246
math,2005,2006,18,0.399167,0.734355,0.517203
math,2005,2006,19,0.607807,0.287034,0.389927
math,2005,2006,20,0.573852,0.133426,0.216511
math,2005,2006,21,0.527412,0.209494,0.299874
math,2005,2006,22,0.440466,0.445498,0.442968
math,2005,2006,23,0.4345,0.286725,0.345473
math,2005,2006,24,0.348213,0.522836,0.41802
math,2005,2006,25,0.642336,0.122168,0.205291
math,2005,2006,26,0.593501,0.250343,0.352148
math,2005,2006,27,0.604923,0.328332,0.42564
math,2005,2006,28,0.242934,0.43921,0.312834
math,2005,2006,29,0.412194,0.251595,0.312466
math,2005,2006,30,0.508168,0.236279,0.322574
math,2005,2006,31,0.31997,0.113614,0.167687
math,2005,2006,32,0.55907,0.258659,0.353683
math,2005,2006,33,0.603189,0.274686,0.377474
math,2005,2006,34,0.646281,0.142537,0.233562
math,2005,2006,35,0.597384,0.359501,0.448874
math,2005,2006,36,0.61106,0.337842,0.435117
math,2005,2006,37,0.379082,0.487819,0.426631
math,2005,2006,38,0.326259,0.43921,0.374401
math,2005,2006,39,0.639091,0.244926,0.354133
math,2005,2006,40,0.55301,0.18791,0.280506
math,2005,2006,41,0.254935,0.686191,0.371755
math,2005,2006,42,0.430974,0.48609,0.456876
math,2005,2006,43,0.514972,0.258379,0.344107
math,2005,2006,44,0.591737,0.246532,0.348056
math,2005,2006,45,0.440442,0.468398,0.45399
math,2005,2006,46,0.648916,0.208,0.315024
math,2005,2006,47,0.444588,0.253596,0.322968
math,2005,2006,48,0.449211,0.346973,0.391527
math,2005,2006,49,0.331334,0.480399,0.392179
math,2006,2007,0,0.503608,0.208747,0.295152
math,2006,2007,1,0.554754,0.332611,0.415877
math,2006,2007,2,0.63128,0.060959,0.111181
math,2006,2007,3,0.546764,0.574361,0.560223
math,2006,2007,4,0.610832,0.023412,0.045096
math,2006,2007,5,0.608183,0.061706,0.112043
math,2006,2007,6,0.595492,0.326185,0.421493
math,2006,2007,7,0.584606,0.126393,0.207849
math,2006,2007,8,0.637607,0.183402,0.284865
math,2006,2007,9,0.601065,0.137946,0.224394
math,2006,2007,10,0.237333,0.694164,0.353727
math,2006,2007,11,0.583248,0.22738,0.327201
math,2006,2007,12,0.320055,0.561147,0.40762
math,2006,2007,13,0.549333,0.239347,0.333421
math,2006,2007,14,0.265927,0.745153,0.39197
math,2006,2007,15,0.54763,0.45216,0.495337
math,2006,2007,16,0.280635,0.559432,0.373771
math,2006,2007,17,0.613753,0.537153,0.572904
math,2006,2007,18,0.491183,0.357274,0.413661
math,2006,2007,19,0.607437,0.308118,0.40885
math,2006,2007,20,0.625385,0.242493,0.349476
math,2006,2007,21,0.532685,0.159243,0.245188
math,2006,2007,22,0.504049,0.286725,0.365524
math,2006,2007,23,0.353229,0.383534,0.367758
math,2006,2007,24,0.217227,0.832442,0.344545
math,2006,2007,25,0.637259,0.137026,0.225553
math,2006,2007,26,0.613197,0.092306,0.160457
math,2006,2007,27,0.614236,0.164818,0.259897
math,2006,2007,28,0.283253,0.762779,0.413103
math,2006,2007,29,0.357482,0.310563,0.332375
math,2006,2007,30,0.577522,0.086637,0.150671
math,2006,2007,31,0.124602,0.834779,0.216838
math,2006,2007,32,0.578085,0.297401,0.392749
math,2006,2007,33,0.626434,0.097218,0.168314
math,2006,2007,34,0.64545,0.074529,0.133629
math,2006,2007,35,0.511256,0.330964,0.401812
math,2006,2007,36,0.648897,0.064239,0.116905
math,2006,2007,37,0.387668,0.493628,0.434278
math,2006,2007,38,0.407867,0.559432,0.471775
math,2006,2007,39,0.631436,0.234217,0.341692
math,2006,2007,40,0.601255,0.086038,0.150535
math,2006,2007,41,0.339899,0.273154,0.302894
math,2006,2007,42,0.392634,0.496723,0.438587
math,2006,2007,43,0.540719,0.229264,0.322
math,2006,2007,44,0.597201,0.250848,0.353297
math,2006,2007,45,0.421125,0.320214,0.363801
math,2006,2007,46,0.655501,0.080104,0.142762
math,2006,2007,47,0.46859,0.206599,0.286765
math,2006,2007,48,0.474652,0.263337,0.338741
math,2006,2007,49,0.308617,0.824103,0.449065
math,2007,2008,0,0.50642,0.15538,0.237798
math,2007,2008,1,0.55223,0.378752,0.449328
math,2007,2008,2,0.636685,0.105679,0.181271
math,2007,2008,3,0.47756,0.577595,0.522835
math,2007,2008,4,0.605333,0.064128,0.115971
math,2007,2008,5,0.604841,0.241809,0.345494
math,2007,2008,6,0.605846,0.293122,0.39509
math,2007,2008,7,0.613519,0.279244,0.383801
math,2007,2008,8,0.642522,0.149401,0.242432
math,2007,2008,9,0.584036,0.154185,0.243964
math,2007,2008,10,0.233134,0.377836,0.28835
math,2007,2008,11,0.583506,0.153126,0.24259
math,2007,2008,12,0.354298,0.660906,0.461301
math,2007,2008,13,0.450362,0.521053,0.483135
math,2007,2008,14,0.409762,0.360851,0.383754
math,2007,2008,15,0.575184,0.226652,0.32517
math,2007,2008,16,0.38731,0.564494,0.45941
math,2007,2008,17,0.65191,0.372847,0.474381
math,2007,2008,18,0.446426,0.449052,0.447735
math,2007,2008,19,0.616459,0.286809,0.391481
math,2007,2008,20,0.628733,0.033725,0.064017
math,2007,2008,21,0.596232,0.099939,0.171185
math,2007,2008,22,0.546423,0.407287,0.466706
math,2007,2008,23,0.30003,0.573613,0.393985
math,2007,2008,24,0.429477,0.684654,0.527843
math,2007,2008,25,0.632776,0.19771,0.301284
math,2007,2008,26,0.613197,0.059345,0.108217
math,2007,2008,27,0.61239,0.184758,0.283872
math,2007,2008,28,0.386922,0.63279,0.480215
math,2007,2008,29,0.383328,0.571466,0.458861
math,2007,2008,30,0.567458,0.092109,0.158491
math,2007,2008,31,0.280559,0.826912,0.418968
math,2007,2008,32,0.577898,0.169258,0.26183
math,2007,2008,33,0.621348,0.195031,0.296877
math,2007,2008,34,0.646159,0.060959,0.111407
math,2007,2008,35,0.515783,0.19363,0.28156
math,2007,2008,36,0.637609,0.169033,0.267224
math,2007,2008,37,0.362551,0.495685,0.418792
math,2007,2008,38,0.449702,0.466403,0.4579
math,2007,2008,39,0.643825,0.107059,0.18359
math,2007,2008,40,0.594328,0.362046,0.449979
math,2007,2008,41,0.322071,0.41409,0.36233
math,2007,2008,42,0.416577,0.500452,0.454679
math,2007,2008,43,0.593472,0.227847,0.329277
math,2007,2008,44,0.61438,0.181464,0.280175
math,2007,2008,45,0.464353,0.220214,0.298749
math,2007,2008,46,0.665743,0.080059,0.14293
math,2007,2008,47,0.492186,0.335242,0.39883
math,2007,2008,48,0.502229,0.328799,0.397417
math,2007,2008,49,0.180971,0.649657,0.283084
math,2008,2009,0,0.510886,0.284943,0.365841
math,2008,2009,1,0.588101,0.33684,0.428343
math,2008,2009,2,0.640469,0.140271,0.230139
math,2008,2009,3,0.489605,0.575891,0.529254
math,2008,2009,4,0.605625,0.049504,0.091526
math,2008,2009,5,0.616019,0.204435,0.306991
math,2008,2009,6,0.64486,0.283556,0.393905
math,2008,2009,7,0.611017,0.213349,0.316267
math,2008,2009,8,0.654599,0.118801,0.201105
math,2008,2009,9,0.597419,0.102321,0.174717
math,2008,2009,10,0.191511,0.612277,0.291762
math,2008,2009,11,0.588742,0.117692,0.196169
math,2008,2009,12,0.389487,0.499661,0.437748
math,2008,2009,13,0.516758,0.477836,0.496535
math,2008,2009,14,0.266394,0.592561,0.36755
math,2008,2009,15,0.606701,0.364647,0.455515
math,2008,2009,16,0.417416,0.537494,0.469905
math,2008,2009,17,0.659258,0.219065,0.328854
math,2008,2009,18,0.502711,0.280242,0.35987
math,2008,2009,19,0.604472,0.257055,0.360714
math,2008,2009,20,0.628733,0.009842,0.01938
math,2008,2009,21,0.592,0.084842,0.148414
math,2008,2009,22,0.489707,0.293409,0.366956
math,2008,2009,23,0.279023,0.403653,0.329962
math,2008,2009,24,0.36708,0.495405,0.421696
math,2008,2009,25,0.643727,0.101872,0.175906
math,2008,2009,26,0.61402,0.07342,0.131157
math,2008,2009,27,0.628793,0.180043,0.279933
math,2008,2009,28,0.256693,0.961258,0.405186
math,2008,2009,29,0.403921,0.599532,0.482661
math,2008,2009,30,0.568447,0.189926,0.284722
math,2008,2009,31,0.377916,0.462622,0.416001
math,2008,2009,32,0.581981,0.094421,0.162482
math,2008,2009,33,0.619803,0.212807,0.316831
math,2008,2009,34,0.641114,0.098087,0.170143
math,2008,2009,35,0.582566,0.147276,0.235114
math,2008,2009,36,0.634755,0.161441,0.257413
math,2008,2009,37,0.378802,0.530811,0.442105
math,2008,2009,38,0.577212,0.46079,0.512472
math,2008,2009,39,0.633401,0.163279,0.259631
math,2008,2009,40,0.589376,0.147917,0.236483
math,2008,2009,41,0.204062,0.729716,0.318935
math,2008,2009,42,0.476615,0.442762,0.459065
math,2008,2009,43,0.615906,0.265693,0.371239
math,2008,2009,44,0.618224,0.081759,0.144419
math,2008,2009,45,0.511899,0.33025,0.401484
math,2008,2009,46,0.658098,0.093029,0.163014
math,2008,2009,47,0.533634,0.235242,0.326537
math,2008,2009,48,0.514778,0.276401,0.359679
math,2008,2009,49,0.151714,0.786191,0.254346
math,2009,2010,0,0.547959,0.218408,0.312327
math,2009,2010,1,0.585834,0.302376,0.398875
math,2009,2010,2,0.631661,0.163246,0.259443
math,2009,2010,3,0.352479,0.720728,0.473425
math,2009,2010,4,0.605526,0.057843,0.105598
math,2009,2010,5,0.598439,0.322317,0.418976
math,2009,2010,6,0.633592,0.370708,0.467744
math,2009,2010,7,0.63261,0.109464,0.186634
math,2009,2010,8,0.656393,0.134666,0.223482
math,2009,2010,9,0.600218,0.058476,0.106569
math,2009,2010,10,0.227669,0.659432,0.338479
math,2009,2010,11,0.595589,0.104542,0.177864
math,2009,2010,12,0.434112,0.614105,0.508655
math,2009,2010,13,0.576704,0.258907,0.357374
math,2009,2010,14,0.230564,0.481351,0.311785
math,2009,2010,15,0.639977,0.158176,0.253658
math,2009,2010,16,0.291272,0.449248,0.35341
math,2009,2010,17,0.633433,0.339094,0.441722
math,2009,2010,18,0.431244,0.486344,0.457139
math,2009,2010,19,0.62889,0.218996,0.324866
math,2009,2010,20,0.628733,0.044126,0.082465
math,2009,2010,21,0.588154,0.208239,0.307578
math,2009,2010,22,0.510347,0.331884,0.402208
math,2009,2010,23,0.301905,0.458811,0.364176
math,2009,2010,24,0.389942,0.624372,0.480066
math,2009,2010,25,0.640464,0.107851,0.184614
math,2009,2010,26,0.61402,0.120603,0.201607
math,2009,2010,27,0.627084,0.176273,0.27519
math,2009,2010,28,0.317207,0.593969,0.413556
math,2009,2010,29,0.403831,0.486881,0.441485
math,2009,2010,30,0.570653,0.123904,0.203601
math,2009,2010,31,0.439727,0.507863,0.471346
math,2009,2010,32,0.577642,0.14787,0.235464
math,2009,2010,33,0.620469,0.105428,0.180231
math,2009,2010,34,0.639206,0.125087,0.20923
math,2009,2010,35,0.604704,0.209155,0.310808
math,2009,2010,36,0.636962,0.104263,0.179194
math,2009,2010,37,0.419125,0.460341,0.438767
math,2009,2010,38,0.640576,0.371042,0.469902
math,2009,2010,39,0.624636,0.154185,0.247321
math,2009,2010,40,0.570959,0.269525,0.366188
math,2009,2010,41,0.397099,0.300273,0.341964
math,2009,2010,42,0.511489,0.381606,0.437103
math,2009,2010,43,0.602483,0.244877,0.348221
math,2009,2010,44,0.618224,0.081759,0.144419
math,2009,2010,45,0.528653,0.249423,0.338934
math,2009,2010,46,0.649334,0.148224,0.241354
math,2009,2010,47,0.589402,0.093584,0.161521
math,2009,2010,48,0.527492,0.246788,0.336257
math,2009,2010,49,0.303452,0.782914,0.437379
math,2010,2011,0,0.559323,0.131082,0.212389
math,2010,2011,1,0.602672,0.239302,0.342577
math,2010,2011,2,0.633743,0.118054,0.199033
math,2010,2011,3,0.400306,0.645452,0.494146
math,2010,2011,4,0.610832,0.013571,0.026552
math,2010,2011,5,0.607926,0.269613,0.373556
math,2010,2011,6,0.635949,0.202021,0.306634
math,2010,2011,7,0.63514,0.136046,0.224092
math,2010,2011,8,0.65659,0.123904,0.208469
math,2010,2011,9,0.600218,0.05195,0.095624
math,2010,2011,10,0.264744,0.64147,0.374802
math,2010,2011,11,0.591796,0.172645,0.267307
math,2010,2011,12,0.512026,0.45622,0.482514
math,2010,2011,13,0.489975,0.395736,0.437842
math,2010,2011,14,0.226129,0.755914,0.34812
math,2010,2011,15,0.628207,0.319406,0.423492
math,2010,2011,16,0.354996,0.405723,0.378668
math,2010,2011,17,0.656797,0.122681,0.206745
math,2010,2011,18,0.389161,0.340009,0.362929
math,2010,2011,19,0.639578,0.136128,0.224478
math,2010,2011,20,0.628733,0.063354,0.115109
math,2010,2011,21,0.580701,0.149401,0.237658
math,2010,2011,22,0.634386,0.254185,0.362945
math,2010,2011,23,0.36078,0.37888,0.369609
math,2010,2011,24,0.496022,0.583573,0.536248
math,2010,2011,25,0.643661,0.18699,0.289792
math,2010,2011,26,0.611035,0.20457,0.30652
math,2010,2011,27,0.600717,0.233079,0.335848
math,2010,2011,28,0.313279,0.65933,0.424742
math,2010,2011,29,0.431011,0.321829,0.368503
math,2010,2011,30,0.572181,0.130162,0.21208
math,2010,2011,31,0.519468,0.494809,0.506839
math,2010,2011,32,0.584928,0.127353,0.209166
math,2010,2011,33,0.620128,0.145645,0.235888
math,2010,2011,34,0.642232,0.070525,0.127094
math,2010,2011,35,0.611935,0.211063,0.31387
math,2010,2011,36,0.639513,0.077699,0.138563
math,2010,2011,37,0.397853,0.40884,0.403272
math,2010,2011,38,0.622107,0.141809,0.230969
math,2010,2011,39,0.627888,0.074529,0.133243
math,2010,2011,40,0.530478,0.262242,0.350978
math,2010,2011,41,0.327203,0.604432,0.424569
math,2010,2011,42,0.518522,0.395736,0.448884
math,2010,2011,43,0.636702,0.233471,0.341659
math,2010,2011,44,0.618224,0.059542,0.108623
math,2010,2011,45,0.412743,0.664494,0.509202
math,2010,2011,46,0.660703,0.080059,0.142813
math,2010,2011,47,0.585965,0.173643,0.267898
math,2010,2011,48,0.524321,0.473748,0.497753
math,2010,2011,49,0.321698,0.539809,0.403143
math,2011,2012,0,0.563799,0.082762,0.144336
math,2011,2012,1,0.604322,0.262287,0.365807
math,2011,2012,2,0.638901,0.106312,0.182291
math,2011,2012,3,0.503675,0.535297,0.519005
math,2011,2012,4,0.610832,0.028195,0.053902
math,2011,2012,5,0.621246,0.284023,0.389825
math,2011,2012,6,0.649415,0.211322,0.31888
math,2011,2012,7,0.628995,0.142214,0.231978
math,2011,2012,8,0.652838,0.18068,0.283029
math,2011,2012,9,0.600218,0.127954,0.210941
math,2011,2012,10,0.330973,0.297121,0.313135
math,2011,2012,11,0.596359,0.137486,0.223456
math,2011,2012,12,0.60024,0.235118,0.337884
math,2011,2012,13,0.350742,0.435399,0.388512
math,2011,2012,14,0.422383,0.372847,0.396072
math,2011,2012,15,0.613197,0.270177,0.375089
math,2011,2012,16,0.35777,0.582719,0.443342
math,2011,2012,17,0.663977,0.115443,0.196688
math,2011,2012,18,0.387695,0.324189,0.35311
math,2011,2012,19,0.641637,0.107979,0.184851
math,2011,2012,20,0.624025,0.129842,0.214958
math,2011,2012,21,0.573121,0.132876,0.215735
math,2011,2012,22,0.659637,0.160959,0.258774
math,2011,2012,23,0.388374,0.375348,0.38175
math,2011,2012,24,0.460731,0.511644,0.484854
math,2011,2012,25,0.645459,0.137026,0.226061
math,2011,2012,26,0.597618,0.231968,0.334211
math,2011,2012,27,0.592533,0.217086,0.317755
math,2011,2012,28,0.285801,0.509928,0.3663
math,2011,2012,29,0.511936,0.229826,0.317235
math,2011,2012,30,0.569227,0.138029,0.222182
math,2011,2012,31,0.554643,0.270776,0.363898
math,2011,2012,32,0.584207,0.080059,0.140821
math,2011,2012,33,0.624472,0.023412,0.045132
math,2011,2012,34,0.636717,0.128643,0.214041
math,2011,2012,35,0.611586,0.243284,0.348098
math,2011,2012,36,0.641995,0.102096,0.176175
math,2011,2012,37,0.420864,0.41391,0.417358
math,2011,2012,38,0.631817,0.156631,0.25103
math,2011,2012,39,0.630779,0.028195,0.053978
math,2011,2012,40,0.52866,0.30716,0.38856
math,2011,2012,41,0.41148,0.382032,0.39621
math,2011,2012,42,0.517327,0.413623,0.459699
math,2011,2012,43,0.643937,0.21066,0.317463
math,2011,2012,44,0.618224,0.030556,0.058233
math,2011,2012,45,0.371101,0.536406,0.438698
math,2011,2012,46,0.674286,0.095838,0.167823
math,2011,2012,47,0.535919,0.214854,0.306735
math,2011,2012,48,0.479584,0.291422,0.362543
math,2011,2012,49,0.33403,0.661411,0.443886
math,2012,2013,0,0.555796,0.152975,0.239917
math,2012,2013,1,0.615498,0.141018,0.229463
math,2012,2013,2,0.634227,0.105679,0.181171
math,2012,2013,3,0.552928,0.345281,0.425102
math,2012,2013,4,0.610832,0.030556,0.0582
math,2012,2013,5,0.636311,0.1965,0.300273
math,2012,2013,6,0.640334,0.204884,0.310438
math,2012,2013,7,0.646444,0.121696,0.204832
math,2012,2013,8,0.657962,0.139404,0.230064
math,2012,2013,9,0.600218,0.064729,0.116857
math,2012,2013,10,0.23767,0.831191,0.369644
math,2012,2013,11,0.5958,0.120501,0.200459
math,2012,2013,12,0.620739,0.204372,0.307502
math,2012,2013,13,0.47721,0.334031,0.392985
math,2012,2013,14,0.430188,0.404376,0.416882
math,2012,2013,15,0.624212,0.331306,0.432865
math,2012,2013,16,0.501055,0.40884,0.450274
math,2012,2013,17,0.669353,0.187214,0.292591
math,2012,2013,18,0.472243,0.318958,0.380752
math,2012,2013,19,0.642889,0.070525,0.127106
math,2012,2013,20,0.628391,0.018354,0.035666
math,2012,2013,21,0.572911,0.15584,0.245028
math,2012,2013,22,0.664368,0.234154,0.346268
math,2012,2013,23,0.278552,0.461147,0.347313
math,2012,2013,24,0.431955,0.47888,0.454209
math,2012,2013,25,0.644803,0.125284,0.209804
math,2012,2013,26,0.593369,0.177193,0.272894
math,2012,2013,27,0.601758,0.106471,0.180929
math,2012,2013,28,0.403209,0.522164,0.455041
math,2012,2013,29,0.502968,0.172645,0.257055
math,2012,2013,30,0.572649,0.088525,0.153345
math,2012,2013,31,0.60602,0.397594,0.480164
math,2012,2013,32,0.579495,0.094421,0.162384
math,2012,2013,33,0.619787,0.101401,0.174287
math,2012,2013,34,0.642231,0.066489,0.120502
math,2012,2013,35,0.616946,0.118113,0.198268
math,2012,2013,36,0.632559,0.141809,0.23168
math,2012,2013,37,0.485137,0.25268,0.33229
math,2012,2013,38,0.63265,0.123584,0.206776
math,2012,2013,39,0.630779,0.042109,0.078947
math,2012,2013,40,0.571373,0.241725,0.339726
math,2012,2013,41,0.374297,0.561147,0.449061
math,2012,2013,42,0.520207,0.192221,0.280716
math,2012,2013,43,0.656031,0.056967,0.104831
math,2012,2013,44,0.618224,0.020603,0.039877
math,2012,2013,45,0.368131,0.360806,0.364432
math,2012,2013,46,0.671183,0.159966,0.258357
math,2012,2013,47,0.5269,0.237647,0.327557
math,2012,2013,48,0.48467,0.259966,0.338414
math,2012,2013,49,0.41442,0.707465,0.52267
math,2013,2014,0,0.561699,0.144187,0.22947
math,2013,2014,1,0.595948,0.229264,0.331137
math,2013,2014,2,0.637936,0.155816,0.250458
math,2013,2014,3,0.527552,0.268926,0.356249
math,2013,2014,4,0.610832,0.004783,0.009492
math,2013,2014,5,0.640164,0.147917,0.240308
math,2013,2014,6,0.591426,0.274489,0.374955
math,2013,2014,7,0.6344,0.164721,0.261535
math,2013,2014,8,0.673949,0.080059,0.143117
math,2013,2014,9,0.600218,0.035338,0.066747
math,2013,2014,10,0.209808,0.492153,0.294197
math,2013,2014,11,0.599123,0.218184,0.319878
math,2013,2014,12,0.623907,0.154931,0.248223
math,2013,2014,13,0.629898,0.155687,0.249666
math,2013,2014,14,0.372153,0.503811,0.428088
math,2013,2014,15,0.632396,0.285274,0.393183
math,2013,2014,16,0.467402,0.442991,0.454869
math,2013,2014,17,0.676424,0.087651,0.155193
math,2013,2014,18,0.590689,0.239347,0.340659
math,2013,2014,19,0.632824,0.246996,0.355312
math,2013,2014,20,0.624025,0.089901,0.15716
math,2013,2014,21,0.573483,0.177597,0.271206
math,2013,2014,22,0.664368,0.159345,0.257041
math,2013,2014,23,0.333358,0.412435,0.368704
math,2013,2014,24,0.463957,0.287611,0.355095
math,2013,2014,25,0.647107,0.062338,0.113722
math,2013,2014,26,0.602476,0.250124,0.353493
math,2013,2014,27,0.621839,0.072,0.129057
math,2013,2014,28,0.486351,0.386623,0.43079
math,2013,2014,29,0.529459,0.123904,0.200814
math,2013,2014,30,0.57204,0.048584,0.089561
math,2013,2014,31,0.595722,0.173537,0.268777
math,2013,2014,32,0.586149,0.133879,0.217972
math,2013,2014,33,0.621124,0.092306,0.160726
math,2013,2014,34,0.638723,0.100492,0.173661
math,2013,2014,35,0.611586,0.187718,0.287264
math,2013,2014,36,0.630512,0.124376,0.207767
math,2013,2014,37,0.468155,0.314834,0.376483
math,2013,2014,38,0.642483,0.064559,0.117329
math,2013,2014,39,0.624051,0.070218,0.126232
math,2013,2014,40,0.568324,0.208343,0.304909
math,2013,2014,41,0.398485,0.271372,0.322868
math,2013,2014,42,0.512673,0.327081,0.399368
math,2013,2014,43,0.667643,0.07342,0.132292
math,2013,2014,44,0.618224,0.054759,0.100607
math,2013,2014,45,0.472797,0.360143,0.408852
math,2013,2014,46,0.669207,0.098087,0.171097
math,2013,2014,47,0.544402,0.330055,0.410958
math,2013,2014,48,0.534797,0.148224,0.232115
math,2013,2014,49,0.457557,0.419489,0.437697
math,2014,2015,0,0.563804,0.151033,0.238245
math,2014,2015,1,0.597097,0.163235,0.25638
math,2014,2015,2,0.648162,0.106151,0.182425
math,2014,2015,3,0.488799,0.253467,0.333828
math,2014,2015,4,0.609778,0.044721,0.08333
math,2014,2015,5,0.615668,0.1965,0.297916
math,2014,2015,6,0.615934,0.105679,0.180405
math,2014,2015,7,0.620665,0.115218,0.194356
math,2014,2015,8,0.664955,0.111658,0.191209
math,2014,2015,9,0.567617,0.165221,0.255943
math,2014,2015,10,0.268191,0.754719,0.395752
math,2014,2015,11,0.619223,0.112634,0.190598
math,2014,2015,12,0.635918,0.143284,0.233873
math,2014,2015,13,0.664282,0.218868,0.329253
math,2014,2015,14,0.41525,0.339038,0.373294
math,2014,2015,15,0.625156,0.141018,0.230126
math,2014,2015,16,0.527912,0.293786,0.377494
math,2014,2015,17,0.671292,0.067684,0.12297
math,2014,2015,18,0.520967,0.185739,0.273844
math,2014,2015,19,0.637244,0.055942,0.102855
math,2014,2015,20,0.628733,0.041317,0.077539
math,2014,2015,21,0.565173,0.170005,0.261385
math,2014,2015,22,0.672321,0.018354,0.035732
math,2014,2015,23,0.502655,0.185936,0.271457
math,2014,2015,24,0.509508,0.243177,0.329223
math,2014,2015,25,0.647107,0.050884,0.094348
math,2014,2015,26,0.618571,0.072512,0.129807
math,2014,2015,27,0.614742,0.083742,0.147404
math,2014,2015,28,0.550485,0.273072,0.365056
math,2014,2015,29,0.54774,0.344086,0.42266
math,2014,2015,30,0.569844,0.111209,0.1861
math,2014,2015,31,0.566642,0.487217,0.523937
math,2014,2015,32,0.596441,0.090354,0.156934
math,2014,2015,33,0.620517,0.146401,0.236907
math,2014,2015,34,0.637684,0.100621,0.173815
math,2014,2015,35,0.610786,0.107379,0.182648
math,2014,2015,36,0.641774,0.086766,0.152865
math,2014,2015,37,0.472991,0.330379,0.389027
math,2014,2015,38,0.644184,0.072512,0.130351
math,2014,2015,39,0.624051,0.074529,0.133156
math,2014,2015,40,0.580927,0.15676,0.246896
math,2014,2015,41,0.410639,0.393589,0.401934
math,2014,2015,42,0.541963,0.274181,0.364142
math,2014,2015,43,0.667643,0.004783,0.009498
math,2014,2015,44,0.618224,0.047296,0.08787
math,2014,2015,45,0.556379,0.118801,0.195795
math,2014,2015,46,0.676933,0.125087,0.211156
math,2014,2015,47,0.566954,0.208254,0.304617
math,2014,2015,48,0.482311,0.307287,0.375401
math,2014,2015,49,0.390167,0.466981,0.425132
math,2015,2016,0,0.564462,0.089154,0.153987
math,2015,2016,1,0.597617,0.1712,0.266155
math,2015,2016,2,0.659003,0.033725,0.064167
math,2015,2016,3,0.491375,0.156434,0.237316
math,2015,2016,4,0.610105,0.038742,0.072858
math,2015,2016,5,0.584348,0.298905,0.395503
math,2015,2016,6,0.668705,0.142258,0.234607
math,2015,2016,7,0.621547,0.095389,0.165395
math,2015,2016,8,0.669538,0.080059,0.143017
math,2015,2016,9,0.568017,0.12976,0.211259
math,2015,2016,10,0.391826,0.416792,0.403924
math,2015,2016,11,0.606716,0.194996,0.295136
math,2015,2016,12,0.625235,0.137462,0.225374
math,2015,2016,13,0.66986,0.115722,0.197351
math,2015,2016,14,0.332926,0.463126,0.387379
math,2015,2016,15,0.591948,0.257656,0.359036
math,2015,2016,16,0.498851,0.404528,0.446765
math,2015,2016,17,0.674466,0.070538,0.127718
math,2015,2016,18,0.51689,0.205147,0.29372
math,2015,2016,19,0.636687,0.125413,0.209549
math,2015,2016,20,0.628733,0.023412,0.045143
math,2015,2016,21,0.570924,0.15538,0.244278
math,2015,2016,22,0.672321,0.007592,0.015014
math,2015,2016,23,0.509318,0.230656,0.317518
math,2015,2016,24,0.546592,0.218313,0.312008
math,2015,2016,25,0.647344,0.038742,0.073109
math,2015,2016,26,0.611106,0.172467,0.269013
math,2015,2016,27,0.60557,0.187443,0.286275
math,2015,2016,28,0.492646,0.362506,0.417673
math,2015,2016,29,0.539443,0.260623,0.351449
math,2015,2016,30,0.576293,0.072467,0.128745
math,2015,2016,31,0.592093,0.3063,0.403739
math,2015,2016,32,0.596441,0.018354,0.035612
math,2015,2016,33,0.620517,0.112684,0.190732
math,2015,2016,34,0.639595,0.060959,0.111308
math,2015,2016,35,0.615074,0.031004,0.059033
math,2015,2016,36,0.625836,0.085162,0.149923
math,2015,2016,37,0.36286,0.467277,0.408502
math,2015,2016,38,0.64415,0.131496,0.218407
math,2015,2016,39,0.631517,0.066937,0.121044
math,2015,2016,40,0.577671,0.217086,0.315578
math,2015,2016,41,0.405948,0.337563,0.368611
math,2015,2016,42,0.569523,0.268014,0.364497
math,2015,2016,43,0.667643,0.034045,0.064787
math,2015,2016,44,0.618224,0.013571,0.026558
math,2015,2016,45,0.548487,0.335747,0.416525
math,2015,2016,46,0.678763,0.148095,0.243141
math,2015,2016,47,0.586384,0.191996,0.289277
math,2015,2016,48,0.529068,0.305191,0.38709
math,2015,2016,49,0.307153,0.764561,0.438246
math,2016,2017,0,0.564147,0.171701,0.263273
math,2016,2017,1,0.590531,0.213081,0.313164
math,2016,2017,2,0.659003,0.06313,0.115222
math,2016,2017,3,0.4255,0.384644,0.404041
math,2016,2017,4,0.605098,0.095838,0.165468
math,2016,2017,5,0.568299,0.084842,0.147643
math,2016,2017,6,0.665718,0.118846,0.201686
math,2016,2017,7,0.635808,0.152485,0.245977
math,2016,2017,8,0.672539,0.066937,0.121756
math,2016,2017,9,0.599249,0.088525,0.154261
math,2016,2017,10,0.240201,0.876416,0.37706
math,2016,2017,11,0.61055,0.080059,0.141557
math,2016,2017,12,0.611652,0.289062,0.392589
math,2016,2017,13,0.668044,0.075321,0.135378
math,2016,2017,14,0.261178,0.581928,0.36054
math,2016,2017,15,0.59671,0.18068,0.277373
math,2016,2017,16,0.492113,0.365309,0.419335
math,2016,2017,17,0.683316,0.049701,0.092662
math,2016,2017,18,0.57754,0.089154,0.154464
math,2016,2017,19,0.640546,0.069298,0.125065
math,2016,2017,20,0.618774,0.156406,0.249697
math,2016,2017,21,0.581963,0.198397,0.295914
math,2016,2017,22,0.660809,0.051864,0.096179
math,2016,2017,23,0.514276,0.243933,0.330908
math,2016,2017,24,0.585251,0.18146,0.277026
math,2016,2017,25,0.645437,0.116859,0.197889
math,2016,2017,26,0.606781,0.142992,0.231443
math,2016,2017,27,0.595906,0.077699,0.137473
math,2016,2017,28,0.434996,0.464322,0.449181
math,2016,2017,29,0.514188,0.131048,0.208864
math,2016,2017,30,0.57142,0.089859,0.155297
math,2016,2017,31,0.619473,0.18653,0.286724
math,2016,2017,32,0.580997,0.178599,0.273213
math,2016,2017,33,0.620445,0.07757,0.1379
math,2016,2017,34,0.639943,0.072916,0.130915
math,2016,2017,35,0.610786,0.115538,0.194318
math,2016,2017,36,0.625452,0.223343,0.32915
math,2016,2017,37,0.358546,0.404803,0.380273
math,2016,2017,38,0.648897,0.143525,0.235059
math,2016,2017,39,0.631094,0.098733,0.170752
math,2016,2017,40,0.579805,0.141809,0.227883
math,2016,2017,41,0.334825,0.448969,0.383586
math,2016,2017,42,0.564755,0.339094,0.423754
math,2016,2017,43,0.667594,0.093937,0.1647
math,2016,2017,44,0.618224,0.028195,0.053931
math,2016,2017,45,0.517577,0.249317,0.336528
math,2016,2017,46,0.684384,0.099787,0.174178
math,2016,2017,47,0.59328,0.145621,0.233844
math,2016,2017,48,0.550097,0.473029,0.50866
math,2016,2017,49,0.358387,0.412009,0.383332
math,2017,2018,0,0.565641,0.171701,0.263435
math,2017,2018,1,0.590806,0.134217,0.218742
math,2017,2018,2,0.657158,0.043525,0.081643
math,2017,2018,3,0.501147,0.250064,0.333645
math,2017,2018,4,0.612187,0.007592,0.014998
math,2017,2018,5,0.60357,0.141809,0.22966
math,2017,2018,6,0.674938,0.035787,0.06797
math,2017,2018,7,0.648281,0.132679,0.220276
math,2017,2018,8,0.672539,0.044721,0.083865
math,2017,2018,9,0.602412,0.117385,0.196483
math,2017,2018,10,0.221517,0.643057,0.329522
math,2017,2018,11,0.610066,0.060959,0.110842
math,2017,2018,12,0.623904,0.117692,0.198029
math,2017,2018,13,0.661423,0.110462,0.189309
math,2017,2018,14,0.413756,0.388806,0.400893
math,2017,2018,15,0.635947,0.335943,0.439643
math,2017,2018,16,0.507552,0.235875,0.322073
math,2017,2018,17,0.683316,0.131476,0.220521
math,2017,2018,18,0.564405,0.267222,0.362714
math,2017,2018,19,0.63614,0.093029,0.16232
math,2017,2018,20,0.617872,0.127506,0.211389
math,2017,2018,21,0.572283,0.254847,0.352652
math,2017,2018,22,0.660809,0.044721,0.083772
math,2017,2018,23,0.545401,0.136235,0.218013
math,2017,2018,24,0.599979,0.239279,0.342117
math,2017,2018,25,0.651404,0.080104,0.142664
math,2017,2018,26,0.619893,0.125284,0.208441
math,2017,2018,27,0.593729,0.139404,0.225794
math,2017,2018,28,0.37103,0.504614,0.427633
math,2017,2018,29,0.496618,0.17071,0.254081
math,2017,2018,30,0.580776,0.004783,0.009488
math,2017,2018,31,0.623648,0.217086,0.322064
math,2017,2018,32,0.583056,0.117916,0.196161
math,2017,2018,33,0.623131,0.09142,0.159448
math,2017,2018,34,0.646578,0.013571,0.026584
math,2017,2018,35,0.610786,0.128967,0.212966
math,2017,2018,36,0.637388,0.147339,0.23935
math,2017,2018,37,0.431736,0.383309,0.406084
math,2017,2018,38,0.650708,0.093029,0.162785
math,2017,2018,39,0.630946,0.043525,0.081433
math,2017,2018,40,0.57849,0.178343,0.272636
math,2017,2018,41,0.307948,0.410227,0.351805
math,2017,2018,42,0.57035,0.298927,0.392264
math,2017,2018,43,0.668782,0.163074,0.262212
math,2017,2018,44,0.618224,0.031796,0.060481
math,2017,2018,45,0.524853,0.123584,0.200061
math,2017,2018,46,0.682439,0.098592,0.172292
math,2017,2018,47,0.600087,0.085291,0.149354
math,2017,2018,48,0.521591,0.173537,0.260428
math,2017,2018,49,0.300215,0.876416,0.447232
math,2018,2019,0,0.564021,0.109267,0.183068
math,2018,2019,1,0.556179,0.218762,0.314013
math,2018,2019,2,0.653111,0.120321,0.203206
math,2018,2019,3,0.529074,0.319956,0.398762
math,2018,2019,4,0.603206,0.052313,0.096276
math,2018,2019,5,0.636754,0.127185,0.212021
math,2018,2019,6,0.652049,0.162326,0.259941
math,2018,2019,7,0.646482,0.171701,0.271336
math,2018,2019,8,0.670799,0.053367,0.098867
math,2018,2019,9,0.598346,0.101093,0.172964
math,2018,2019,10,0.206029,0.753928,0.323621
math,2018,2019,11,0.615212,0.071592,0.128258
math,2018,2019,12,0.62949,0.090074,0.157598
math,2018,2019,13,0.661423,0.122664,0.206949
math,2018,2019,14,0.556577,0.33171,0.415681
math,2018,2019,15,0.639762,0.138209,0.227312
math,2018,2019,16,0.533126,0.276092,0.363788
math,2018,2019,17,0.683316,0.145971,0.240555
math,2018,2019,18,0.571584,0.258907,0.356385
math,2018,2019,19,0.629146,0.149204,0.241206
math,2018,2019,20,0.615351,0.130162,0.214873
math,2018,2019,21,0.576549,0.234244,0.333138
math,2018,2019,22,0.672321,0.023884,0.046129
math,2018,2019,23,0.58924,0.181589,0.277621
math,2018,2019,24,0.56174,0.264647,0.35979
math,2018,2019,25,0.651457,0.098592,0.171264
math,2018,2019,26,0.627336,0.098284,0.169944
math,2018,2019,27,0.604411,0.085118,0.149221
math,2018,2019,28,0.387654,0.629435,0.479807
math,2018,2019,29,0.556191,0.141809,0.225997
math,2018,2019,30,0.580776,0.022964,0.04418
math,2018,2019,31,0.625727,0.069298,0.124776
math,2018,2019,32,0.58885,0.06175,0.111778
math,2018,2019,33,0.623131,0.103476,0.17748
math,2018,2019,34,0.634146,0.090692,0.15869
math,2018,2019,35,0.597129,0.132959,0.21749
math,2018,2019,36,0.627073,0.160163,0.255156
math,2018,2019,37,0.472863,0.293634,0.362294
math,2018,2019,38,0.660406,0.127185,0.213292
math,2018,2019,39,0.626223,0.114063,0.192976
math,2018,2019,40,0.581756,0.155183,0.24501
math,2018,2019,41,0.332378,0.471186,0.389793
math,2018,2019,42,0.535161,0.275881,0.364077
math,2018,2019,43,0.671009,0.170525,0.271941
math,2018,2019,44,0.618224,0.035659,0.067428
math,2018,2019,45,0.541658,0.129563,0.209108
math,2018,2019,46,0.682425,0.08875,0.157073
math,2018,2019,47,0.605932,0.030556,0.058177
math,2018,2019,48,0.555765,0.211658,0.306564
math,2018,2019,49,0.29399,0.853004,0.437273
math,2019,2020,0,0.570009,0.048584,0.089536
math,2019,2020,1,0.546068,0.246422,0.339596
math,2019,2020,2,0.636445,0.139363,0.228657
math,2019,2020,3,0.52071,0.183575,0.271451
math,2019,2020,4,0.603206,0.049504,0.091498
math,2019,2020,5,0.590561,0.1965,0.294883
math,2019,2020,6,0.650737,0.194429,0.299402
math,2019,2020,7,0.651232,0.125367,0.210257
math,2019,2020,8,0.672525,0.136235,0.226572
math,2019,2020,9,0.589919,0.095924,0.165015
math,2019,2020,10,0.262999,0.538746,0.353453
math,2019,2020,11,0.616035,0.043525,0.081306
math,2019,2020,12,0.627893,0.072916,0.130659
math,2019,2020,13,0.666151,0.112909,0.193091
math,2019,2020,14,0.532536,0.347617,0.420651
math,2019,2020,15,0.654104,0.09127,0.160188
math,2019,2020,16,0.493954,0.235439,0.318885
math,2019,2020,17,0.683316,0.031796,0.060764
math,2019,2020,18,0.5517,0.135917,0.218103
math,2019,2020,19,0.637241,0.133443,0.220675
math,2019,2020,20,0.621164,0.041637,0.078043
math,2019,2020,21,0.579353,0.181931,0.276907
math,2019,2020,22,0.672321,0.0,0.0
math,2019,2020,23,0.533048,0.187163,0.277049
math,2019,2020,24,0.586034,0.164026,0.256313
math,2019,2020,25,0.651457,0.079184,0.141204
math,2019,2020,26,0.627336,0.124493,0.207757
math,2019,2020,27,0.604411,0.146529,0.235875
math,2019,2020,28,0.487594,0.443372,0.464433
math,2019,2020,29,0.608405,0.184714,0.283389
math,2019,2020,30,0.576045,0.049504,0.091172
math,2019,2020,31,0.626632,0.089918,0.157268
math,2019,2020,32,0.591778,0.091334,0.158245
math,2019,2020,33,0.618696,0.120226,0.201329
math,2019,2020,34,0.62238,0.111209,0.188701
math,2019,2020,35,0.589085,0.11842,0.197199
math,2019,2020,36,0.619248,0.225551,0.330664
math,2019,2020,37,0.499775,0.302376,0.376787
math,2019,2020,38,0.670954,0.061879,0.113308
math,2019,2020,39,0.620609,0.106471,0.181759
math,2019,2020,40,0.590632,0.143284,0.230621
math,2019,2020,41,0.348806,0.512654,0.415149
math,2019,2020,42,0.496738,0.38737,0.435289
math,2019,2020,43,0.669722,0.194729,0.301727
math,2019,2020,44,0.609712,0.093809,0.1626
math,2019,2020,45,0.543013,0.433059,0.481843
math,2019,2020,46,0.691161,0.045225,0.084895
math,2019,2020,47,0.603716,0.189901,0.288921
math,2019,2020,48,0.498636,0.176204,0.260393
math,2019,2020,49,0.315409,0.805155,0.45326
math,2020,2021,0,0.575619,0.107059,0.18054
math,2020,2021,1,0.603042,0.099204,0.17038
math,2020,2021,2,0.641048,0.06175,0.112649
math,2020,2021,3,0.439574,0.190522,0.265827
math,2020,2021,4,0.604355,0.038742,0.072816
math,2020,2021,5,0.603967,0.185291,0.283582
math,2020,2021,6,0.663653,0.179442,0.2825
math,2020,2021,7,0.635154,0.126701,0.211259
math,2020,2021,8,0.68935,0.062154,0.114027
math,2020,2021,9,0.592538,0.098284,0.168602
math,2020,2021,10,0.229721,0.643057,0.338513
math,2020,2021,11,0.622558,0.036579,0.069098
math,2020,2021,12,0.616352,0.1965,0.297996
math,2020,2021,13,0.656946,0.106471,0.183243
math,2020,2021,14,0.480105,0.268926,0.344746
math,2020,2021,15,0.643376,0.190801,0.294319
math,2020,2021,16,0.462826,0.383534,0.419466
math,2020,2021,17,0.677275,0.111714,0.191792
math,2020,2021,18,0.550078,0.120501,0.197695
math,2020,2021,19,0.633082,0.135692,0.223484
math,2020,2021,20,0.61603,0.056967,0.10429
math,2020,2021,21,0.587867,0.105876,0.179436
math,2020,2021,22,0.668879,0.044721,0.083836
math,2020,2021,23,0.545962,0.093029,0.15897
math,2020,2021,24,0.633491,0.173088,0.271888
math,2020,2021,25,0.649668,0.145846,0.238214
math,2020,2021,26,0.623225,0.079139,0.140444
math,2020,2021,27,0.604411,0.170284,0.265709
math,2020,2021,28,0.36793,0.650511,0.470018
math,2020,2021,29,0.595506,0.202981,0.302764
math,2020,2021,30,0.57313,0.119593,0.197892
math,2020,2021,31,0.626632,0.031476,0.059941
math,2020,2021,32,0.594745,0.147321,0.236147
math,2020,2021,33,0.621026,0.088443,0.154835
math,2020,2021,34,0.625137,0.049504,0.091742
math,2020,2021,35,0.577869,0.178426,0.272663
math,2020,2021,36,0.618066,0.114063,0.192585
math,2020,2021,37,0.523576,0.313809,0.392419
math,2020,2021,38,0.663075,0.056647,0.104377
math,2020,2021,39,0.630505,0.048781,0.090555
math,2020,2021,40,0.59035,0.161638,0.253789
math,2020,2021,41,0.316288,0.378527,0.344619
math,2020,2021,42,0.526447,0.211601,0.301869
math,2020,2021,43,0.659055,0.093029,0.163043
math,2020,2021,44,0.609744,0.036841,0.069485
math,2020,2021,45,0.584653,0.282475,0.380912
math,2020,2021,46,0.691161,0.023412,0.04529
math,2020,2021,47,0.598362,0.197493,0.296969
math,2020,2021,48,0.476769,0.217062,0.29831
math,2020,2021,49,0.400772,0.579931,0.473987
math,2021,2022,0,0.581522,0.102276,0.173957
math,2021,2022,1,0.61148,0.079399,0.140548
math,2021,2022,2,0.643674,0.045354,0.084737
math,2021,2022,3,0.453819,0.310114,0.36845
math,2021,2022,4,0.602235,0.043525,0.081183
math,2021,2022,5,0.643631,0.116441,0.197205
math,2021,2022,6,0.658625,0.057096,0.105082
math,2021,2022,7,0.626813,0.080367,0.142467
math,2021,2022,8,0.693239,0.103471,0.180067
math,2021,2022,9,0.591188,0.151651,0.241382
math,2021,2022,10,0.218746,0.523752,0.308603
math,2021,2022,11,0.622558,0.0,0.0
math,2021,2022,12,0.63001,0.097538,0.168923
math,2021,2022,13,0.65697,0.185614,0.28945
math,2021,2022,14,0.521659,0.278767,0.36336
math,2021,2022,15,0.647531,0.188638,0.292163
math,2021,2022,16,0.38735,0.422277,0.40406
math,2021,2022,17,0.67789,0.057375,0.105796
math,2021,2022,18,0.580494,0.28474,0.38207
math,2021,2022,19,0.633655,0.072467,0.13006
math,2021,2022,20,0.61603,0.059456,0.108446
math,2021,2022,21,0.583115,0.174481,0.268593
math,2021,2022,22,0.668879,0.065435,0.119208
math,2021,2022,23,0.539298,0.082267,0.142757
math,2021,2022,24,0.595273,0.15178,0.241885
math,2021,2022,25,0.647799,0.180104,0.281847
math,2021,2022,26,0.625531,0.045971,0.085648
math,2021,2022,27,0.595906,0.166421,0.260181
math,2021,2022,28,0.380936,0.512761,0.437126
math,2021,2022,29,0.544342,0.188246,0.279748
math,2021,2022,30,0.576082,0.100492,0.171132
math,2021,2022,31,0.624716,0.185162,0.285657
math,2021,2022,32,0.59755,0.051117,0.094178
math,2021,2022,33,0.628654,0.065828,0.119177
math,2021,2022,34,0.63112,0.090692,0.158594
math,2021,2022,35,0.590464,0.169977,0.263966
math,2021,2022,36,0.617445,0.087651,0.15351
math,2021,2022,37,0.510719,0.353467,0.417786
math,2021,2022,38,0.66264,0.027,0.051886
math,2021,2022,39,0.626732,0.139601,0.228341
math,2021,2022,40,0.574518,0.222317,0.320581
math,2021,2022,41,0.32661,0.444773,0.376641
math,2021,2022,42,0.548593,0.281667,0.372222
math,2021,2022,43,0.665336,0.098733,0.171949
math,2021,2022,44,0.605135,0.074872,0.133257
math,2021,2022,45,0.529587,0.293634,0.377796
math,2021,2022,46,0.686255,0.097538,0.1708
math,2021,2022,47,0.608707,0.093909,0.162715
math,2021,2022,48,0.49444,0.3063,0.378268
math,2021,2022,49,0.401749,0.509928,0.44942
math,2022,2023,0,0.581522,0.065742,0.118129
math,2022,2023,1,0.597503,0.184588,0.282043
math,2022,2023,2,0.643831,0.122838,0.206313
math,2022,2023,3,0.45498,0.185783,0.263834
math,2022,2023,4,0.600622,0.089859,0.15633
math,2022,2023,5,0.650785,0.146996,0.239823
math,2022,2023,6,0.645941,0.190567,0.294306
math,2022,2023,7,0.629467,0.164026,0.260239
math,2022,2023,8,0.695635,0.086038,0.153136
math,2022,2023,9,0.590049,0.169977,0.263924
math,2022,2023,10,0.205212,0.933063,0.336431
math,2022,2023,11,0.620321,0.070538,0.126672
math,2022,2023,12,0.631473,0.103814,0.178314
math,2022,2023,13,0.659695,0.128647,0.215307
math,2022,2023,14,0.546055,0.274617,0.365447
math,2022,2023,15,0.647531,0.234071,0.343848
math,2022,2023,16,0.452531,0.25825,0.328839
math,2022,2023,17,0.67789,0.004783,0.009499
math,2022,2023,18,0.525328,0.221869,0.311976
math,2022,2023,19,0.628686,0.088246,0.154768
math,2022,2023,20,0.621164,0.009842,0.019376
math,2022,2023,21,0.580279,0.111855,0.187556
math,2022,2023,22,0.666832,0.128647,0.215684
math,2022,2023,23,0.46065,0.141612,0.216629
math,2022,2023,24,0.607521,0.176996,0.274127
math,2022,2023,25,0.645562,0.138742,0.228398
math,2022,2023,26,0.625531,0.17895,0.278288
math,2022,2023,27,0.580936,0.208578,0.306949
math,2022,2023,28,0.390766,0.591715,0.47069
math,2022,2023,29,0.55113,0.090692,0.155754
math,2022,2023,30,0.588671,0.068884,0.123335
math,2022,2023,31,0.627465,0.049504,0.091767
math,2022,2023,32,0.601667,0.100195,0.171783
math,2022,2023,33,0.621826,0.107851,0.183819
math,2022,2023,34,0.63112,0.046334,0.08633
math,2022,2023,35,0.589842,0.143284,0.230561
math,2022,2023,36,0.628076,0.057096,0.104676
math,2022,2023,37,0.454831,0.314151,0.371623
math,2022,2023,38,0.662044,0.038742,0.0732
math,2022,2023,39,0.631343,0.054012,0.099511
math,2022,2023,40,0.569785,0.176968,0.270059
math,2022,2023,41,0.330376,0.520094,0.404075
math,2022,2023,42,0.545669,0.335506,0.415525
math,2022,2023,43,0.655286,0.237462,0.348599
math,2022,2023,44,0.610046,0.097089,0.167518
math,2022,2023,45,0.432095,0.418615,0.425248
math,2022,2023,46,0.686888,0.094729,0.166496
math,2022,2023,47,0.601368,0.132651,0.217357
math,2022,2023,48,0.473472,0.288867,0.358818
math,2022,2023,49,0.451125,0.369189,0.406065
math,2023,2024,0,0.59102,0.160959,0.253012
math,2023,2024,1,0.607893,0.059345,0.108134
math,2023,2024,2,0.6492,0.057096,0.10496
math,2023,2024,3,0.433611,0.16535,0.239407
math,2023,2024,4,0.60211,0.082267,0.144756
math,2023,2024,5,0.63634,0.281,0.389848
math,2023,2024,6,0.639471,0.131968,0.218785
math,2023,2024,7,0.637462,0.090692,0.158793
math,2023,2024,8,0.678152,0.093029,0.163613
math,2023,2024,9,0.582143,0.127645,0.209379
math,2023,2024,10,0.369467,0.199959,0.259483
math,2023,2024,11,0.61853,0.099701,0.171721
math,2023,2024,12,0.634987,0.028195,0.053993
math,2023,2024,13,0.664198,0.060959,0.111668
math,2023,2024,14,0.585669,0.207326,0.306243
math,2023,2024,15,0.638889,0.229547,0.337745
math,2023,2024,16,0.522901,0.356067,0.423651
math,2023,2024,17,0.67789,0.031783,0.060719
math,2023,2024,18,0.53621,0.303048,0.38724
math,2023,2024,19,0.627355,0.089859,0.157201
math,2023,2024,20,0.61603,0.062154,0.112916
math,2023,2024,21,0.576607,0.126701,0.207751
math,2023,2024,22,0.670332,0.079313,0.141843
math,2023,2024,23,0.51965,0.119593,0.194438
math,2023,2024,24,0.642969,0.218762,0.326452
math,2023,2024,25,0.649137,0.017434,0.033955
math,2023,2024,26,0.625531,0.081759,0.144617
math,2023,2024,27,0.576685,0.218868,0.317308
math,2023,2024,28,0.430517,0.181931,0.255775
math,2023,2024,29,0.586816,0.094504,0.162791
math,2023,2024,30,0.583637,0.102096,0.17379
math,2023,2024,31,0.623512,0.159837,0.254447
math,2023,2024,32,0.595638,0.164754,0.258114
math,2023,2024,33,0.62346,0.0,0.0
math,2023,2024,34,0.630457,0.046334,0.086324
math,2023,2024,35,0.576696,0.142718,0.228811
math,2023,2024,36,0.643197,0.014624,0.028599
math,2023,2024,37,0.441203,0.194558,0.270037
math,2023,2024,38,0.66812,0.025817,0.049713
math,2023,2024,39,0.630379,0.111406,0.189349
math,2023,2024,40,0.565773,0.198905,0.294333
math,2023,2024,41,0.365426,0.412435,0.38751
math,2023,2024,42,0.55553,0.296259,0.386436
math,2023,2024,43,0.655532,0.023008,0.044456
math,2023,2024,44,0.618224,0.027746,0.053109
math,2023,2024,45,0.468389,0.349317,0.400184
math,2023,2024,46,0.687728,0.065742,0.120012
math,2023,2024,47,0.587662,0.106151,0.17982
math,2023,2024,48,0.556189,0.272342,0.365643
math,2023,2024,49,0.374292,0.452832,0.409833
math,2024,2025,0,0.592598,0.138742,0.224843
math,2024,2025,1,0.601751,0.118054,0.197385
math,2024,2025,2,0.651065,0.023008,0.044445
math,2024,2025,3,0.450685,0.305836,0.364393
math,2024,2025,4,0.603408,0.089859,0.156424
math,2024,2025,5,0.638026,0.175897,0.275768
math,2024,2025,6,0.643002,0.115443,0.195742
math,2024,2025,7,0.628783,0.132679,0.219122
math,2024,2025,8,0.674266,0.030556,0.058462
math,2024,2025,9,0.582143,0.093937,0.16177
math,2024,2025,10,0.267298,0.637494,0.376664
math,2024,2025,11,0.627346,0.031004,0.059088
math,2024,2025,12,0.637775,0.086345,0.152099
math,2024,2025,13,0.664814,0.083176,0.147853
math,2024,2025,14,0.627247,0.151471,0.244015
math,2024,2025,15,0.640239,0.176273,0.276436
math,2024,2025,16,0.485461,0.325664,0.389822
math,2024,2025,17,0.67634,0.144721,0.238424
math,2024,2025,18,0.580589,0.305164,0.400054
math,2024,2025,19,0.629626,0.082267,0.14552
math,2024,2025,20,0.61603,0.052313,0.096436
math,2024,2025,21,0.587465,0.063534,0.114667
math,2024,2025,22,0.678223,0.023412,0.045262
math,2024,2025,23,0.611668,0.118801,0.19896
math,2024,2025,24,0.639571,0.2333,0.341888
math,2024,2025,25,0.645562,0.103068,0.177756
math,2024,2025,26,0.617116,0.106931,0.182277
math,2024,2025,27,0.581374,0.146081,0.233492
math,2024,2025,28,0.472296,0.350191,0.40218
math,2024,2025,29,0.583946,0.104345,0.177053
math,2024,2025,30,0.582967,0.06175,0.111671
math,2024,2025,31,0.63355,0.075276,0.134564
math,2024,2025,32,0.595237,0.129096,0.212175
math,2024,2025,33,0.621826,0.086456,0.151806
math,2024,2025,34,0.630457,0.062154,0.113153
math,2024,2025,35,0.575898,0.194134,0.290381
math,2024,2025,36,0.626037,0.10896,0.185614
math,2024,2025,37,0.434765,0.282183,0.342238
math,2024,2025,38,0.66812,0.004783,0.009498
math,2024,2025,39,0.635769,0.091141,0.159427
math,2024,2025,40,0.569581,0.080059,0.140386
math,2024,2025,41,0.486157,0.318072,0.38455
math,2024,2025,42,0.551512,0.243905,0.338229
math,2024,2025,43,0.660829,0.070525,0.127448
math,2024,2025,44,0.618224,0.061045,0.111118
math,2024,2025,45,0.580412,0.118801,0.197232
math,2024,2025,46,0.691014,0.107851,0.186581
math,2024,2025,47,0.587101,0.062626,0.113179
math,2024,2025,48,0.525182,0.162775,0.248523
math,2024,2025,49,0.343568,0.525365,0.415449
